Interval, Interval (UTC),Temperature/29d4yiq75qs.Average,Temperature/myDHT11.Average,Humidity/29d4yiq75qs.Average,Humidity/myDHT11.Average
04/01/2023 12:04:40 PM,04/01/2023 10:04:40 AM,,24.700001,,39
04/01/2023 12:05:00 PM,04/01/2023 10:05:00 AM,,24.700001,,39
04/01/2023 12:05:20 PM,04/01/2023 10:05:20 AM,,24.799999,,39
04/01/2023 12:05:40 PM,04/01/2023 10:05:40 AM,,24.799999,,39
04/01/2023 12:06:00 PM,04/01/2023 10:06:00 AM,,24.700001,,38
04/01/2023 12:06:20 PM,04/01/2023 10:06:20 AM,,24.700001,,38
04/01/2023 12:06:40 PM,04/01/2023 10:06:40 AM,,24.700001,,38
04/01/2023 12:07:00 PM,04/01/2023 10:07:00 AM,,24.700001,,38
04/01/2023 12:07:20 PM,04/01/2023 10:07:20 AM,,24.700001,,38
04/01/2023 12:07:40 PM,04/01/2023 10:07:40 AM,,24.700001,,38
04/01/2023 12:08:00 PM,04/01/2023 10:08:00 AM,,24.700001,,39
04/01/2023 12:08:20 PM,04/01/2023 10:08:20 AM,,24.700001,,40
04/01/2023 12:08:40 PM,04/01/2023 10:08:40 AM,,24.799999,,39
04/01/2023 12:09:00 PM,04/01/2023 10:09:00 AM,,24.799999,,38
04/01/2023 12:09:20 PM,04/01/2023 10:09:20 AM,,24.700001,,39
04/01/2023 12:09:40 PM,04/01/2023 10:09:40 AM,,24.700001,,38
04/01/2023 12:10:00 PM,04/01/2023 10:10:00 AM,,24.700001,,39
04/01/2023 12:10:20 PM,04/01/2023 10:10:20 AM,,24.700001,,39
04/01/2023 12:10:40 PM,04/01/2023 10:10:40 AM,,24.799999,,39
04/01/2023 12:11:00 PM,04/01/2023 10:11:00 AM,,24.799999,,39
04/01/2023 12:11:20 PM,04/01/2023 10:11:20 AM,,24.700001,,39
04/01/2023 12:11:40 PM,04/01/2023 10:11:40 AM,,24.799999,,39
04/01/2023 12:12:00 PM,04/01/2023 10:12:00 AM,,24.799999,,38
04/01/2023 12:12:20 PM,04/01/2023 10:12:20 AM,,24.700001,,39
04/01/2023 12:12:40 PM,04/01/2023 10:12:40 AM,,24.700001,,38
04/01/2023 12:13:00 PM,04/01/2023 10:13:00 AM,,24.700001,,38
04/01/2023 12:13:20 PM,04/01/2023 10:13:20 AM,,24.700001,,38
04/01/2023 12:13:40 PM,04/01/2023 10:13:40 AM,,24.799999,,38
04/01/2023 12:14:00 PM,04/01/2023 10:14:00 AM,,24.700001,,38
04/01/2023 12:14:20 PM,04/01/2023 10:14:20 AM,,24.700001,,39
04/01/2023 12:14:40 PM,04/01/2023 10:14:40 AM,,24.700001,,38
04/01/2023 12:15:00 PM,04/01/2023 10:15:00 AM,,24.700001,,38
04/01/2023 12:15:20 PM,04/01/2023 10:15:20 AM,,24.700001,,39
04/01/2023 12:15:40 PM,04/01/2023 10:15:40 AM,,24.700001,,39
04/01/2023 12:16:00 PM,04/01/2023 10:16:00 AM,,24.700001,,39
04/01/2023 12:16:20 PM,04/01/2023 10:16:20 AM,,24.700001,,39
04/01/2023 12:16:40 PM,04/01/2023 10:16:40 AM,,24.799999,,39
04/01/2023 12:17:00 PM,04/01/2023 10:17:00 AM,,24.700001,,39
04/01/2023 12:17:20 PM,04/01/2023 10:17:20 AM,,24.700001,,39
04/01/2023 12:17:40 PM,04/01/2023 10:17:40 AM,,24.700001,,39
04/01/2023 12:18:00 PM,04/01/2023 10:18:00 AM,,24.700001,,38
04/01/2023 12:18:20 PM,04/01/2023 10:18:20 AM,,24.700001,,38
04/01/2023 12:18:40 PM,04/01/2023 10:18:40 AM,,24.700001,,38
04/01/2023 12:19:00 PM,04/01/2023 10:19:00 AM,,24.700001,,39
04/01/2023 12:19:20 PM,04/01/2023 10:19:20 AM,,24.799999,,39
04/01/2023 12:19:40 PM,04/01/2023 10:19:40 AM,,24.799999,,39
04/01/2023 12:20:00 PM,04/01/2023 10:20:00 AM,,24.799999,,38
04/01/2023 12:20:20 PM,04/01/2023 10:20:20 AM,,24.799999,,38
04/01/2023 12:20:40 PM,04/01/2023 10:20:40 AM,,24.799999,,38
04/01/2023 12:21:00 PM,04/01/2023 10:21:00 AM,,24.799999,,38
04/01/2023 12:21:20 PM,04/01/2023 10:21:20 AM,,24.799999,,38
04/01/2023 12:21:40 PM,04/01/2023 10:21:40 AM,,24.799999,,38
04/01/2023 12:22:00 PM,04/01/2023 10:22:00 AM,,24.799999,,38
04/01/2023 12:22:20 PM,04/01/2023 10:22:20 AM,,24.799999,,38
04/01/2023 12:22:40 PM,04/01/2023 10:22:40 AM,,24.799999,,39
04/01/2023 12:23:00 PM,04/01/2023 10:23:00 AM,,24.799999,,38
04/01/2023 12:23:20 PM,04/01/2023 10:23:20 AM,,24.799999,,38
04/01/2023 12:23:40 PM,04/01/2023 10:23:40 AM,,24.799999,,38
04/01/2023 12:24:00 PM,04/01/2023 10:24:00 AM,,24.799999,,39
04/01/2023 12:24:20 PM,04/01/2023 10:24:20 AM,,24.799999,,39
04/01/2023 12:24:40 PM,04/01/2023 10:24:40 AM,,24.799999,,38
04/01/2023 12:25:00 PM,04/01/2023 10:25:00 AM,,24.799999,,38
04/01/2023 12:25:20 PM,04/01/2023 10:25:20 AM,,24.799999,,38
04/01/2023 12:25:40 PM,04/01/2023 10:25:40 AM,,24.799999,,38
04/01/2023 12:26:00 PM,04/01/2023 10:26:00 AM,,24.799999,,39
04/01/2023 12:26:20 PM,04/01/2023 10:26:20 AM,,24.799999,,39
04/01/2023 12:26:40 PM,04/01/2023 10:26:40 AM,,24.799999,,39
04/01/2023 12:27:00 PM,04/01/2023 10:27:00 AM,,24.799999,,40
04/01/2023 12:27:20 PM,04/01/2023 10:27:20 AM,,24.799999,,39
04/01/2023 12:27:40 PM,04/01/2023 10:27:40 AM,,24.799999,,38
04/01/2023 12:28:00 PM,04/01/2023 10:28:00 AM,,24.799999,,38
04/01/2023 12:28:20 PM,04/01/2023 10:28:20 AM,,24.799999,,40
04/01/2023 12:28:40 PM,04/01/2023 10:28:40 AM,,24.799999,,39
04/01/2023 12:29:20 PM,04/01/2023 10:29:20 AM,,24.799999,,39
04/01/2023 12:29:40 PM,04/01/2023 10:29:40 AM,,24.799999,,39
04/01/2023 12:30:00 PM,04/01/2023 10:30:00 AM,,24.700001,,39
04/01/2023 12:30:20 PM,04/01/2023 10:30:20 AM,,24.700001,,39
04/01/2023 12:30:40 PM,04/01/2023 10:30:40 AM,,24.700001,,39
04/01/2023 12:31:00 PM,04/01/2023 10:31:00 AM,,24.799999,,39
04/01/2023 12:31:20 PM,04/01/2023 10:31:20 AM,,24.799999,,39
04/01/2023 12:31:40 PM,04/01/2023 10:31:40 AM,,24.799999,,39
04/01/2023 12:32:00 PM,04/01/2023 10:32:00 AM,,24.799999,,39
04/01/2023 12:32:20 PM,04/01/2023 10:32:20 AM,,24.799999,,38
04/01/2023 12:32:40 PM,04/01/2023 10:32:40 AM,,24.799999,,39
04/01/2023 12:33:00 PM,04/01/2023 10:33:00 AM,,24.799999,,38
04/01/2023 12:33:20 PM,04/01/2023 10:33:20 AM,,24.799999,,38
04/01/2023 12:33:40 PM,04/01/2023 10:33:40 AM,,24.799999,,38
04/01/2023 12:34:00 PM,04/01/2023 10:34:00 AM,,24.700001,,38
04/01/2023 12:34:20 PM,04/01/2023 10:34:20 AM,,24.799999,,38
04/01/2023 12:34:40 PM,04/01/2023 10:34:40 AM,,24.799999,,39
04/01/2023 12:35:00 PM,04/01/2023 10:35:00 AM,,24.799999,,40
04/01/2023 12:35:20 PM,04/01/2023 10:35:20 AM,,24.799999,,39
04/01/2023 12:35:40 PM,04/01/2023 10:35:40 AM,,24.799999,,39
04/01/2023 12:36:00 PM,04/01/2023 10:36:00 AM,,24.799999,,38
04/01/2023 12:36:20 PM,04/01/2023 10:36:20 AM,,24.799999,,38
04/01/2023 12:36:40 PM,04/01/2023 10:36:40 AM,,24.799999,,38
04/01/2023 12:37:00 PM,04/01/2023 10:37:00 AM,,24.799999,,38
04/01/2023 12:37:20 PM,04/01/2023 10:37:20 AM,,24.799999,,38
04/01/2023 12:37:40 PM,04/01/2023 10:37:40 AM,,24.799999,,39
04/01/2023 12:38:00 PM,04/01/2023 10:38:00 AM,,24.799999,,38
04/01/2023 12:38:20 PM,04/01/2023 10:38:20 AM,,24.799999,,38
04/01/2023 12:38:40 PM,04/01/2023 10:38:40 AM,,24.799999,,38
04/01/2023 12:39:00 PM,04/01/2023 10:39:00 AM,,24.799999,,38
04/01/2023 12:39:20 PM,04/01/2023 10:39:20 AM,,24.799999,,38
04/01/2023 12:39:40 PM,04/01/2023 10:39:40 AM,,24.799999,,39
04/01/2023 12:40:00 PM,04/01/2023 10:40:00 AM,,24.799999,,38
04/01/2023 12:40:20 PM,04/01/2023 10:40:20 AM,,24.799999,,39
04/01/2023 12:40:40 PM,04/01/2023 10:40:40 AM,,24.799999,,39
04/01/2023 12:41:00 PM,04/01/2023 10:41:00 AM,,24.799999,,40
04/01/2023 12:41:20 PM,04/01/2023 10:41:20 AM,,24.799999,,40
04/01/2023 12:42:00 PM,04/01/2023 10:42:00 AM,,24.8499995,,39
04/01/2023 12:42:20 PM,04/01/2023 10:42:20 AM,,24.9,,39
04/01/2023 12:42:40 PM,04/01/2023 10:42:40 AM,,24.9,,39
04/01/2023 12:43:00 PM,04/01/2023 10:43:00 AM,,24.799999,,38
04/01/2023 12:43:20 PM,04/01/2023 10:43:20 AM,,24.799999,,38
04/01/2023 12:43:40 PM,04/01/2023 10:43:40 AM,,24.799999,,38
04/01/2023 12:44:00 PM,04/01/2023 10:44:00 AM,,24.9,,38
04/01/2023 12:44:20 PM,04/01/2023 10:44:20 AM,,24.9,,38
04/01/2023 12:44:40 PM,04/01/2023 10:44:40 AM,,24.799999,,39
04/01/2023 12:45:20 PM,04/01/2023 10:45:20 AM,,24.799999,,38.5
04/01/2023 12:45:40 PM,04/01/2023 10:45:40 AM,,24.799999,,38
04/01/2023 12:46:00 PM,04/01/2023 10:46:00 AM,,24.799999,,38
04/01/2023 12:46:20 PM,04/01/2023 10:46:20 AM,,24.799999,,39
04/01/2023 12:46:40 PM,04/01/2023 10:46:40 AM,,24.799999,,38
04/01/2023 12:47:00 PM,04/01/2023 10:47:00 AM,,24.799999,,39
04/01/2023 12:47:20 PM,04/01/2023 10:47:20 AM,,24.799999,,39
04/01/2023 12:47:40 PM,04/01/2023 10:47:40 AM,,24.799999,,39
04/01/2023 12:48:00 PM,04/01/2023 10:48:00 AM,,24.799999,,39
04/01/2023 12:48:20 PM,04/01/2023 10:48:20 AM,,24.799999,,39
04/01/2023 12:48:40 PM,04/01/2023 10:48:40 AM,,24.799999,,
04/01/2023 12:49:00 PM,04/01/2023 10:49:00 AM,,24.9,,38.5
04/01/2023 12:49:20 PM,04/01/2023 10:49:20 AM,,24.799999,,38
04/01/2023 12:49:40 PM,04/01/2023 10:49:40 AM,,24.799999,,38
04/01/2023 12:50:00 PM,04/01/2023 10:50:00 AM,,24.799999,,39
04/01/2023 12:50:20 PM,04/01/2023 10:50:20 AM,,24.9,,39
04/01/2023 12:50:40 PM,04/01/2023 10:50:40 AM,,24.799999,,38
04/01/2023 12:51:00 PM,04/01/2023 10:51:00 AM,,24.799999,,39
04/01/2023 12:51:20 PM,04/01/2023 10:51:20 AM,,24.799999,,39
04/01/2023 12:51:40 PM,04/01/2023 10:51:40 AM,,24.799999,,38
04/01/2023 12:52:00 PM,04/01/2023 10:52:00 AM,,24.799999,,38
04/01/2023 12:52:20 PM,04/01/2023 10:52:20 AM,,24.799999,,38
04/01/2023 12:52:40 PM,04/01/2023 10:52:40 AM,,24.9,,38
04/01/2023 12:53:00 PM,04/01/2023 10:53:00 AM,,24.799999,,38
04/01/2023 12:53:20 PM,04/01/2023 10:53:20 AM,,24.799999,,38
04/01/2023 12:53:40 PM,04/01/2023 10:53:40 AM,,24.799999,,38
04/01/2023 12:54:00 PM,04/01/2023 10:54:00 AM,,24.799999,,38
04/01/2023 12:54:20 PM,04/01/2023 10:54:20 AM,,24.799999,,38
04/01/2023 12:54:40 PM,04/01/2023 10:54:40 AM,,24.799999,,38
04/01/2023 12:55:00 PM,04/01/2023 10:55:00 AM,,24.799999,,38
04/01/2023 12:55:20 PM,04/01/2023 10:55:20 AM,,24.799999,,39
04/01/2023 12:55:40 PM,04/01/2023 10:55:40 AM,,24.799999,,39
04/01/2023 12:56:00 PM,04/01/2023 10:56:00 AM,,24.799999,,39
04/01/2023 12:56:20 PM,04/01/2023 10:56:20 AM,,24.799999,,38
04/01/2023 12:56:40 PM,04/01/2023 10:56:40 AM,,24.799999,,40
04/01/2023 12:57:00 PM,04/01/2023 10:57:00 AM,,24.799999,,39
04/01/2023 12:57:20 PM,04/01/2023 10:57:20 AM,,24.799999,,39
04/01/2023 12:57:40 PM,04/01/2023 10:57:40 AM,,24.799999,,39
04/01/2023 12:58:00 PM,04/01/2023 10:58:00 AM,,24.799999,,39
04/01/2023 12:58:20 PM,04/01/2023 10:58:20 AM,,24.799999,,38
04/01/2023 12:58:40 PM,04/01/2023 10:58:40 AM,,24.799999,,38
04/01/2023 12:59:00 PM,04/01/2023 10:59:00 AM,,24.799999,,38
04/01/2023 12:59:40 PM,04/01/2023 10:59:40 AM,,24.799999,,38.5
04/01/2023 01:00:00 PM,04/01/2023 11:00:00 AM,,24.799999,,39
04/01/2023 01:00:20 PM,04/01/2023 11:00:20 AM,,24.9,,38
04/01/2023 01:00:40 PM,04/01/2023 11:00:40 AM,,24.9,,39
04/01/2023 01:01:00 PM,04/01/2023 11:01:00 AM,,24.9,,39
04/01/2023 01:01:20 PM,04/01/2023 11:01:20 AM,,24.9,,39
04/01/2023 01:01:40 PM,04/01/2023 11:01:40 AM,,24.9,,38
04/01/2023 01:02:00 PM,04/01/2023 11:02:00 AM,,24.799999,,39
04/01/2023 01:02:20 PM,04/01/2023 11:02:20 AM,,24.799999,,38
04/01/2023 01:02:40 PM,04/01/2023 11:02:40 AM,,24.799999,,38
04/01/2023 01:03:00 PM,04/01/2023 11:03:00 AM,,24.799999,,38
04/01/2023 01:03:20 PM,04/01/2023 11:03:20 AM,,24.799999,,38
04/01/2023 01:03:40 PM,04/01/2023 11:03:40 AM,,24.799999,,38
04/01/2023 01:04:00 PM,04/01/2023 11:04:00 AM,,24.799999,,38
04/01/2023 01:04:20 PM,04/01/2023 11:04:20 AM,,24.799999,,38
04/01/2023 01:04:40 PM,04/01/2023 11:04:40 AM,,24.799999,,38
04/01/2023 01:05:00 PM,04/01/2023 11:05:00 AM,,24.799999,,38
04/01/2023 01:05:20 PM,04/01/2023 11:05:20 AM,,24.799999,,38
04/01/2023 01:05:40 PM,04/01/2023 11:05:40 AM,,24.799999,,38
04/01/2023 01:06:00 PM,04/01/2023 11:06:00 AM,,24.799999,,38
04/01/2023 01:06:20 PM,04/01/2023 11:06:20 AM,,24.799999,,38
04/01/2023 01:06:40 PM,04/01/2023 11:06:40 AM,,24.799999,,38
04/01/2023 01:07:00 PM,04/01/2023 11:07:00 AM,,24.799999,,38
04/01/2023 01:07:20 PM,04/01/2023 11:07:20 AM,,24.799999,,38
04/01/2023 01:07:40 PM,04/01/2023 11:07:40 AM,,24.799999,,38
04/01/2023 01:08:00 PM,04/01/2023 11:08:00 AM,,24.799999,,38
04/01/2023 01:08:20 PM,04/01/2023 11:08:20 AM,,24.799999,,38
04/01/2023 01:08:40 PM,04/01/2023 11:08:40 AM,,24.799999,,38
04/01/2023 01:09:00 PM,04/01/2023 11:09:00 AM,,24.799999,,38
04/01/2023 01:09:40 PM,04/01/2023 11:09:40 AM,,24.799999,,38
04/01/2023 01:10:00 PM,04/01/2023 11:10:00 AM,,24.799999,,38
04/01/2023 01:10:20 PM,04/01/2023 11:10:20 AM,,24.799999,,
04/01/2023 01:10:40 PM,04/01/2023 11:10:40 AM,,24.799999,,38
04/01/2023 01:11:00 PM,04/01/2023 11:11:00 AM,,24.799999,,38
04/01/2023 01:11:20 PM,04/01/2023 11:11:20 AM,,24.799999,,38
04/01/2023 01:11:40 PM,04/01/2023 11:11:40 AM,,24.799999,,38
04/01/2023 01:12:00 PM,04/01/2023 11:12:00 AM,,24.799999,,38
04/01/2023 01:12:20 PM,04/01/2023 11:12:20 AM,,24.799999,,38
04/01/2023 01:12:40 PM,04/01/2023 11:12:40 AM,,24.799999,,38
04/01/2023 01:13:00 PM,04/01/2023 11:13:00 AM,,24.700001,,40
04/01/2023 01:13:20 PM,04/01/2023 11:13:20 AM,,24.700001,,40
04/01/2023 01:13:40 PM,04/01/2023 11:13:40 AM,,24.700001,,40
04/01/2023 01:14:00 PM,04/01/2023 11:14:00 AM,,24.700001,,39
04/01/2023 01:14:20 PM,04/01/2023 11:14:20 AM,,24.700001,,39
04/01/2023 01:14:40 PM,04/01/2023 11:14:40 AM,,24.700001,,39
04/01/2023 01:15:00 PM,04/01/2023 11:15:00 AM,,24.700001,,40
04/01/2023 01:15:20 PM,04/01/2023 11:15:20 AM,,24.700001,,39
04/01/2023 01:15:40 PM,04/01/2023 11:15:40 AM,,24.700001,,39
04/01/2023 01:16:00 PM,04/01/2023 11:16:00 AM,,24.700001,,39
04/01/2023 01:16:20 PM,04/01/2023 11:16:20 AM,,24.700001,,39
04/01/2023 01:16:40 PM,04/01/2023 11:16:40 AM,,24.6,,39
04/01/2023 01:17:00 PM,04/01/2023 11:17:00 AM,,24.6,,39
04/01/2023 01:17:20 PM,04/01/2023 11:17:20 AM,,24.6,,39
04/01/2023 01:17:40 PM,04/01/2023 11:17:40 AM,,24.700001,,41
04/01/2023 01:18:00 PM,04/01/2023 11:18:00 AM,,24.700001,,40
04/01/2023 01:18:20 PM,04/01/2023 11:18:20 AM,,24.700001,,39
04/01/2023 01:18:40 PM,04/01/2023 11:18:40 AM,,24.700001,,40
04/01/2023 01:19:00 PM,04/01/2023 11:19:00 AM,,24.700001,,39
04/01/2023 01:19:20 PM,04/01/2023 11:19:20 AM,,24.700001,,39
04/01/2023 01:19:40 PM,04/01/2023 11:19:40 AM,,24.700001,,39
04/01/2023 01:20:00 PM,04/01/2023 11:20:00 AM,,24.700001,,40
04/01/2023 01:20:20 PM,04/01/2023 11:20:20 AM,,24.700001,,40
04/01/2023 01:20:40 PM,04/01/2023 11:20:40 AM,,24.799999,,39
04/01/2023 01:21:00 PM,04/01/2023 11:21:00 AM,,24.799999,,39
04/01/2023 01:21:20 PM,04/01/2023 11:21:20 AM,,24.799999,,39
04/01/2023 01:21:40 PM,04/01/2023 11:21:40 AM,,24.799999,,39
04/01/2023 01:22:00 PM,04/01/2023 11:22:00 AM,,24.700001,,39
04/01/2023 01:22:20 PM,04/01/2023 11:22:20 AM,,24.799999,,39
04/01/2023 01:22:40 PM,04/01/2023 11:22:40 AM,,24.799999,,39
04/01/2023 01:23:00 PM,04/01/2023 11:23:00 AM,,24.799999,,40
04/01/2023 01:23:20 PM,04/01/2023 11:23:20 AM,,24.799999,,39
04/01/2023 01:23:40 PM,04/01/2023 11:23:40 AM,,24.700001,,39
04/01/2023 01:24:00 PM,04/01/2023 11:24:00 AM,,24.700001,,40
04/01/2023 01:24:20 PM,04/01/2023 11:24:20 AM,,24.799999,,39
04/01/2023 01:24:40 PM,04/01/2023 11:24:40 AM,,24.799999,,39
04/01/2023 01:25:00 PM,04/01/2023 11:25:00 AM,,24.799999,,39
04/01/2023 01:25:20 PM,04/01/2023 11:25:20 AM,,24.799999,,39
04/01/2023 01:25:40 PM,04/01/2023 11:25:40 AM,,24.700001,,39
04/01/2023 01:26:00 PM,04/01/2023 11:26:00 AM,,24.700001,,39
04/01/2023 01:26:20 PM,04/01/2023 11:26:20 AM,,24.700001,,39
04/01/2023 01:26:40 PM,04/01/2023 11:26:40 AM,,24.700001,,39
04/01/2023 01:27:00 PM,04/01/2023 11:27:00 AM,,24.700001,,39
04/01/2023 01:27:20 PM,04/01/2023 11:27:20 AM,,24.700001,,39
04/01/2023 01:27:40 PM,04/01/2023 11:27:40 AM,,24.700001,,39
04/01/2023 01:28:00 PM,04/01/2023 11:28:00 AM,,24.700001,,39
04/01/2023 01:28:20 PM,04/01/2023 11:28:20 AM,,24.799999,,39
04/01/2023 01:28:40 PM,04/01/2023 11:28:40 AM,,24.700001,,40
04/01/2023 01:29:00 PM,04/01/2023 11:29:00 AM,,24.700001,,39
04/01/2023 01:29:20 PM,04/01/2023 11:29:20 AM,,24.799999,,39
04/01/2023 01:29:40 PM,04/01/2023 11:29:40 AM,,24.799999,,39
04/01/2023 01:30:00 PM,04/01/2023 11:30:00 AM,,24.700001,,40
04/01/2023 01:30:20 PM,04/01/2023 11:30:20 AM,,24.700001,,39
04/01/2023 01:30:40 PM,04/01/2023 11:30:40 AM,,24.700001,,39
04/01/2023 01:31:00 PM,04/01/2023 11:31:00 AM,,24.700001,,39
04/01/2023 01:31:20 PM,04/01/2023 11:31:20 AM,,24.700001,,39
04/01/2023 01:31:40 PM,04/01/2023 11:31:40 AM,,24.700001,,39
04/01/2023 01:32:00 PM,04/01/2023 11:32:00 AM,,24.700001,,39
04/01/2023 01:32:20 PM,04/01/2023 11:32:20 AM,,24.700001,,39
04/01/2023 01:32:40 PM,04/01/2023 11:32:40 AM,,24.700001,,39
04/01/2023 01:33:00 PM,04/01/2023 11:33:00 AM,,24.700001,,40
04/01/2023 01:33:20 PM,04/01/2023 11:33:20 AM,,24.700001,,39
04/01/2023 01:33:40 PM,04/01/2023 11:33:40 AM,,24.700001,,39
04/01/2023 01:34:00 PM,04/01/2023 11:34:00 AM,,24.700001,,39
04/01/2023 01:34:20 PM,04/01/2023 11:34:20 AM,,24.700001,,39
04/01/2023 01:34:40 PM,04/01/2023 11:34:40 AM,,24.700001,,39
04/01/2023 01:35:00 PM,04/01/2023 11:35:00 AM,,24.700001,,39
04/01/2023 01:35:20 PM,04/01/2023 11:35:20 AM,,24.700001,,39
04/01/2023 01:35:40 PM,04/01/2023 11:35:40 AM,,24.700001,,39
04/01/2023 01:36:00 PM,04/01/2023 11:36:00 AM,,24.700001,,39
04/01/2023 01:36:20 PM,04/01/2023 11:36:20 AM,,24.700001,,39
04/01/2023 01:37:00 PM,04/01/2023 11:37:00 AM,,24.700001,,39.5
04/01/2023 01:37:20 PM,04/01/2023 11:37:20 AM,,24.700001,,39
04/01/2023 01:37:40 PM,04/01/2023 11:37:40 AM,,24.700001,,39
04/01/2023 01:38:00 PM,04/01/2023 11:38:00 AM,,24.700001,,39
04/01/2023 01:38:20 PM,04/01/2023 11:38:20 AM,,24.700001,,39
04/01/2023 01:38:40 PM,04/01/2023 11:38:40 AM,,24.700001,,39
04/01/2023 01:39:00 PM,04/01/2023 11:39:00 AM,,24.700001,,38
04/01/2023 01:39:20 PM,04/01/2023 11:39:20 AM,,24.700001,,39
04/01/2023 01:39:40 PM,04/01/2023 11:39:40 AM,,24.700001,,39
04/01/2023 01:40:00 PM,04/01/2023 11:40:00 AM,,24.700001,,39
04/01/2023 01:40:20 PM,04/01/2023 11:40:20 AM,,24.6,,39
04/01/2023 01:40:40 PM,04/01/2023 11:40:40 AM,,24.6,,39
04/01/2023 01:41:00 PM,04/01/2023 11:41:00 AM,,24.6,,39
04/01/2023 01:41:20 PM,04/01/2023 11:41:20 AM,,24.6,,39
04/01/2023 01:41:40 PM,04/01/2023 11:41:40 AM,,24.700001,,39
04/01/2023 01:42:00 PM,04/01/2023 11:42:00 AM,,24.700001,,39
04/01/2023 01:42:20 PM,04/01/2023 11:42:20 AM,,24.700001,,39
04/01/2023 01:42:40 PM,04/01/2023 11:42:40 AM,,24.700001,,39
04/01/2023 01:43:00 PM,04/01/2023 11:43:00 AM,,24.700001,,39
04/01/2023 01:43:20 PM,04/01/2023 11:43:20 AM,,24.700001,,39
04/01/2023 01:43:40 PM,04/01/2023 11:43:40 AM,,24.700001,,39
04/01/2023 01:44:00 PM,04/01/2023 11:44:00 AM,,24.700001,,39
04/01/2023 01:44:20 PM,04/01/2023 11:44:20 AM,,24.700001,,39
04/01/2023 01:44:40 PM,04/01/2023 11:44:40 AM,,24.700001,,38
04/01/2023 01:45:00 PM,04/01/2023 11:45:00 AM,,24.700001,,38
04/01/2023 01:45:20 PM,04/01/2023 11:45:20 AM,,24.700001,,39
04/01/2023 01:45:40 PM,04/01/2023 11:45:40 AM,,24.700001,,39
04/01/2023 01:46:00 PM,04/01/2023 11:46:00 AM,,24.700001,,39
04/01/2023 01:46:20 PM,04/01/2023 11:46:20 AM,,24.6,,39
04/01/2023 01:46:40 PM,04/01/2023 11:46:40 AM,,24.6,,39
04/01/2023 01:47:00 PM,04/01/2023 11:47:00 AM,,24.6,,39
04/01/2023 01:47:40 PM,04/01/2023 11:47:40 AM,,24.6,,39
04/01/2023 01:48:00 PM,04/01/2023 11:48:00 AM,,24.6,,39
04/01/2023 01:48:20 PM,04/01/2023 11:48:20 AM,,24.6,,39
04/01/2023 01:48:40 PM,04/01/2023 11:48:40 AM,,24.6,,
04/01/2023 01:49:00 PM,04/01/2023 11:49:00 AM,,24.6,,39
04/01/2023 01:49:20 PM,04/01/2023 11:49:20 AM,,24.6,,39
04/01/2023 01:49:40 PM,04/01/2023 11:49:40 AM,,24.6,,39
04/01/2023 01:50:00 PM,04/01/2023 11:50:00 AM,,24.6,,39
04/01/2023 01:50:20 PM,04/01/2023 11:50:20 AM,,24.6,,39
04/01/2023 01:50:40 PM,04/01/2023 11:50:40 AM,,24.6,,39
04/01/2023 01:51:00 PM,04/01/2023 11:51:00 AM,,24.700001,,38
04/01/2023 01:51:20 PM,04/01/2023 11:51:20 AM,,24.700001,,38
04/01/2023 01:51:40 PM,04/01/2023 11:51:40 AM,,24.700001,,38
04/01/2023 01:52:00 PM,04/01/2023 11:52:00 AM,,24.700001,,38
04/01/2023 01:52:20 PM,04/01/2023 11:52:20 AM,,24.6,,39
04/01/2023 01:52:40 PM,04/01/2023 11:52:40 AM,,24.6,,39
04/01/2023 01:53:00 PM,04/01/2023 11:53:00 AM,,24.700001,,38
04/01/2023 01:53:20 PM,04/01/2023 11:53:20 AM,,24.6,,38
04/01/2023 01:53:40 PM,04/01/2023 11:53:40 AM,,24.6,,38
04/01/2023 01:54:00 PM,04/01/2023 11:54:00 AM,,24.6,,38
04/01/2023 01:54:20 PM,04/01/2023 11:54:20 AM,,24.6,,39
04/01/2023 01:54:40 PM,04/01/2023 11:54:40 AM,,24.6,,38
04/01/2023 01:55:00 PM,04/01/2023 11:55:00 AM,,24.6,,39
04/01/2023 01:55:20 PM,04/01/2023 11:55:20 AM,,24.6,,39
04/01/2023 01:55:40 PM,04/01/2023 11:55:40 AM,,24.6,,38
04/01/2023 01:56:00 PM,04/01/2023 11:56:00 AM,,24.6,,39
04/01/2023 01:56:20 PM,04/01/2023 11:56:20 AM,,24.6,,38
04/01/2023 01:56:40 PM,04/01/2023 11:56:40 AM,,24.6,,39
04/01/2023 01:57:00 PM,04/01/2023 11:57:00 AM,,24.6,,39
04/01/2023 01:57:20 PM,04/01/2023 11:57:20 AM,,24.6,,39
04/01/2023 01:57:40 PM,04/01/2023 11:57:40 AM,,24.6,,39
04/01/2023 01:58:00 PM,04/01/2023 11:58:00 AM,,24.6,,39
04/01/2023 01:58:20 PM,04/01/2023 11:58:20 AM,,24.6,,38
04/01/2023 01:58:40 PM,04/01/2023 11:58:40 AM,,24.6,,38
04/01/2023 01:59:00 PM,04/01/2023 11:59:00 AM,,24.6,,39
04/01/2023 01:59:20 PM,04/01/2023 11:59:20 AM,,24.6,,38
04/01/2023 01:59:40 PM,04/01/2023 11:59:40 AM,,24.6,,38
04/01/2023 02:00:00 PM,04/01/2023 12:00:00 PM,,24.6,,
04/01/2023 02:00:20 PM,04/01/2023 12:00:20 PM,,24.6,,38
04/01/2023 02:00:40 PM,04/01/2023 12:00:40 PM,,24.6,,38
04/01/2023 02:01:00 PM,04/01/2023 12:01:00 PM,,24.6,,39
04/01/2023 02:01:20 PM,04/01/2023 12:01:20 PM,,24.6,,38
04/01/2023 02:01:40 PM,04/01/2023 12:01:40 PM,,24.6,,39
04/01/2023 02:02:00 PM,04/01/2023 12:02:00 PM,,24.6,,39
04/01/2023 02:02:20 PM,04/01/2023 12:02:20 PM,,24.6,,39
04/01/2023 02:02:40 PM,04/01/2023 12:02:40 PM,,24.6,,39
04/01/2023 02:03:00 PM,04/01/2023 12:03:00 PM,,24.6,,39
04/01/2023 02:03:40 PM,04/01/2023 12:03:40 PM,,24.5,,39
04/01/2023 02:04:00 PM,04/01/2023 12:04:00 PM,,24.5,,39
04/01/2023 02:04:20 PM,04/01/2023 12:04:20 PM,,24.5,,39
04/01/2023 02:04:40 PM,04/01/2023 12:04:40 PM,,24.5,,39
04/01/2023 02:05:00 PM,04/01/2023 12:05:00 PM,,24.5,,39
04/01/2023 02:05:20 PM,04/01/2023 12:05:20 PM,,24.5,,39
04/01/2023 02:05:40 PM,04/01/2023 12:05:40 PM,,24.5,,39
04/01/2023 02:06:00 PM,04/01/2023 12:06:00 PM,,24.5,,39
04/01/2023 02:06:20 PM,04/01/2023 12:06:20 PM,,24.5,,
04/01/2023 02:06:40 PM,04/01/2023 12:06:40 PM,,24.5,,39
04/01/2023 02:07:00 PM,04/01/2023 12:07:00 PM,,24.5,,39
04/01/2023 02:07:20 PM,04/01/2023 12:07:20 PM,,24.5,,39
04/01/2023 02:07:40 PM,04/01/2023 12:07:40 PM,,24.5,,39
04/01/2023 02:08:00 PM,04/01/2023 12:08:00 PM,,,,39
04/01/2023 02:08:20 PM,04/01/2023 12:08:20 PM,,24.5,,39
04/01/2023 02:08:40 PM,04/01/2023 12:08:40 PM,,24.5,,39
04/01/2023 02:09:00 PM,04/01/2023 12:09:00 PM,,24.5,,39
04/01/2023 02:09:20 PM,04/01/2023 12:09:20 PM,,24.4,,39
04/01/2023 02:09:40 PM,04/01/2023 12:09:40 PM,,24.4,,39
04/01/2023 02:10:00 PM,04/01/2023 12:10:00 PM,,24.4,,39
04/01/2023 02:10:20 PM,04/01/2023 12:10:20 PM,,24.4,,39
04/01/2023 02:10:40 PM,04/01/2023 12:10:40 PM,,24.4,,39
04/01/2023 02:11:00 PM,04/01/2023 12:11:00 PM,,,,39
04/01/2023 02:11:20 PM,04/01/2023 12:11:20 PM,,24.4,,39
04/01/2023 02:11:40 PM,04/01/2023 12:11:40 PM,,24.4,,39
04/01/2023 02:12:00 PM,04/01/2023 12:12:00 PM,,24.4,,39
04/01/2023 02:12:20 PM,04/01/2023 12:12:20 PM,,24.4,,39
04/01/2023 02:12:40 PM,04/01/2023 12:12:40 PM,,24.4,,39
04/01/2023 02:13:00 PM,04/01/2023 12:13:00 PM,,24.4,,39
04/01/2023 02:13:20 PM,04/01/2023 12:13:20 PM,,24.4,,39
04/01/2023 02:13:40 PM,04/01/2023 12:13:40 PM,,24.4,,39
04/01/2023 02:14:00 PM,04/01/2023 12:14:00 PM,,24.4,,39
04/01/2023 02:14:20 PM,04/01/2023 12:14:20 PM,,24.4,,39
04/01/2023 02:14:40 PM,04/01/2023 12:14:40 PM,,24.4,,39
04/01/2023 02:15:00 PM,04/01/2023 12:15:00 PM,,24.4,,39
04/01/2023 02:15:20 PM,04/01/2023 12:15:20 PM,,24.4,,39
04/01/2023 02:15:40 PM,04/01/2023 12:15:40 PM,,24.4,,39
04/01/2023 02:16:00 PM,04/01/2023 12:16:00 PM,,24.4,,39
04/01/2023 02:16:20 PM,04/01/2023 12:16:20 PM,,24.4,,39
04/01/2023 02:16:40 PM,04/01/2023 12:16:40 PM,,24.4,,39
04/01/2023 02:17:00 PM,04/01/2023 12:17:00 PM,,24.4,,39
04/01/2023 02:17:20 PM,04/01/2023 12:17:20 PM,,24.299999,,39
04/01/2023 02:17:40 PM,04/01/2023 12:17:40 PM,,24.299999,,39
04/01/2023 02:18:00 PM,04/01/2023 12:18:00 PM,,24.299999,,39
04/01/2023 02:18:20 PM,04/01/2023 12:18:20 PM,,24.299999,,39
04/01/2023 02:18:40 PM,04/01/2023 12:18:40 PM,,24.299999,,39
04/01/2023 02:19:00 PM,04/01/2023 12:19:00 PM,,24.200001,,39
04/01/2023 02:19:20 PM,04/01/2023 12:19:20 PM,,24.299999,,39
04/01/2023 02:19:40 PM,04/01/2023 12:19:40 PM,,24.299999,,39
04/01/2023 02:20:00 PM,04/01/2023 12:20:00 PM,,24.299999,,39
04/01/2023 02:20:20 PM,04/01/2023 12:20:20 PM,,24.299999,,39
04/01/2023 02:20:40 PM,04/01/2023 12:20:40 PM,,24.299999,,39
04/01/2023 02:21:00 PM,04/01/2023 12:21:00 PM,,24.299999,,39
04/01/2023 02:21:20 PM,04/01/2023 12:21:20 PM,,24.200001,,39
04/01/2023 02:21:40 PM,04/01/2023 12:21:40 PM,,24.200001,,39
04/01/2023 02:22:00 PM,04/01/2023 12:22:00 PM,,24.200001,,39
04/01/2023 02:22:20 PM,04/01/2023 12:22:20 PM,,24.200001,,39
04/01/2023 02:22:40 PM,04/01/2023 12:22:40 PM,,24.200001,,39
04/01/2023 02:23:00 PM,04/01/2023 12:23:00 PM,,24.200001,,39
04/01/2023 02:23:20 PM,04/01/2023 12:23:20 PM,,24.200001,,39
04/01/2023 02:23:40 PM,04/01/2023 12:23:40 PM,,24.200001,,39
04/01/2023 02:24:00 PM,04/01/2023 12:24:00 PM,,24.200001,,39
04/01/2023 02:24:20 PM,04/01/2023 12:24:20 PM,,24.200001,,39
04/01/2023 02:24:40 PM,04/01/2023 12:24:40 PM,,24.200001,,39
04/01/2023 02:25:00 PM,04/01/2023 12:25:00 PM,,24.200001,,39
04/01/2023 02:25:20 PM,04/01/2023 12:25:20 PM,,24.200001,,39
04/01/2023 02:25:40 PM,04/01/2023 12:25:40 PM,,24.200001,,39
04/01/2023 02:26:00 PM,04/01/2023 12:26:00 PM,,24.200001,,39
04/01/2023 02:26:20 PM,04/01/2023 12:26:20 PM,,24.200001,,39
04/01/2023 02:26:40 PM,04/01/2023 12:26:40 PM,,24.200001,,39
04/01/2023 02:27:00 PM,04/01/2023 12:27:00 PM,,24.200001,,39
04/01/2023 02:27:20 PM,04/01/2023 12:27:20 PM,,24.200001,,39
04/01/2023 02:27:40 PM,04/01/2023 12:27:40 PM,,24.200001,,39
04/01/2023 02:28:00 PM,04/01/2023 12:28:00 PM,,24.200001,,39
04/01/2023 02:28:20 PM,04/01/2023 12:28:20 PM,,24.200001,,39
04/01/2023 02:28:40 PM,04/01/2023 12:28:40 PM,,24.200001,,39
04/01/2023 02:29:00 PM,04/01/2023 12:29:00 PM,,24.200001,,39
04/01/2023 02:29:20 PM,04/01/2023 12:29:20 PM,,24.200001,,39
04/01/2023 02:29:40 PM,04/01/2023 12:29:40 PM,,24.200001,,39
04/01/2023 02:30:00 PM,04/01/2023 12:30:00 PM,,24.200001,,39
04/01/2023 02:30:20 PM,04/01/2023 12:30:20 PM,,24.200001,,39
04/01/2023 02:30:40 PM,04/01/2023 12:30:40 PM,,24.200001,,39
04/01/2023 02:31:00 PM,04/01/2023 12:31:00 PM,,24.200001,,39
04/01/2023 02:31:20 PM,04/01/2023 12:31:20 PM,,24.200001,,39
04/01/2023 02:31:40 PM,04/01/2023 12:31:40 PM,,24.200001,,39
04/01/2023 02:32:00 PM,04/01/2023 12:32:00 PM,,24.200001,,39
04/01/2023 02:32:20 PM,04/01/2023 12:32:20 PM,,24.1,,39
04/01/2023 02:32:40 PM,04/01/2023 12:32:40 PM,,24.1,,39
04/01/2023 02:33:00 PM,04/01/2023 12:33:00 PM,,24.1,,39
04/01/2023 02:33:20 PM,04/01/2023 12:33:20 PM,,24.1,,39
04/01/2023 02:33:40 PM,04/01/2023 12:33:40 PM,,24.1,,39
04/01/2023 02:34:00 PM,04/01/2023 12:34:00 PM,,24.1,,39
04/01/2023 02:34:20 PM,04/01/2023 12:34:20 PM,,24.1,,39
04/01/2023 02:34:40 PM,04/01/2023 12:34:40 PM,,24.1,,39
04/01/2023 02:35:00 PM,04/01/2023 12:35:00 PM,,24.1,,39
04/01/2023 02:35:20 PM,04/01/2023 12:35:20 PM,,24.1,,39
04/01/2023 02:35:40 PM,04/01/2023 12:35:40 PM,,24.1,,39
04/01/2023 02:36:00 PM,04/01/2023 12:36:00 PM,,24.1,,39
04/01/2023 02:36:20 PM,04/01/2023 12:36:20 PM,,24.1,,39
04/01/2023 02:36:40 PM,04/01/2023 12:36:40 PM,,24.1,,39
04/01/2023 02:37:00 PM,04/01/2023 12:37:00 PM,,24.1,,39
04/01/2023 02:37:20 PM,04/01/2023 12:37:20 PM,,24.1,,39
04/01/2023 02:37:40 PM,04/01/2023 12:37:40 PM,,24.1,,39
04/01/2023 02:38:00 PM,04/01/2023 12:38:00 PM,,24.1,,39
04/01/2023 02:38:20 PM,04/01/2023 12:38:20 PM,,24.1,,39
04/01/2023 02:38:40 PM,04/01/2023 12:38:40 PM,,24.1,,39
04/01/2023 02:39:00 PM,04/01/2023 12:39:00 PM,,24.1,,39
04/01/2023 02:39:20 PM,04/01/2023 12:39:20 PM,,24,,39
04/01/2023 02:39:40 PM,04/01/2023 12:39:40 PM,,24.1,,39
04/01/2023 02:40:00 PM,04/01/2023 12:40:00 PM,,24.1,,39
04/01/2023 02:40:20 PM,04/01/2023 12:40:20 PM,,24,,39
04/01/2023 02:40:40 PM,04/01/2023 12:40:40 PM,,24.1,,39
04/01/2023 02:41:00 PM,04/01/2023 12:41:00 PM,,24,,39
04/01/2023 02:41:20 PM,04/01/2023 12:41:20 PM,,24,,39
04/01/2023 02:41:40 PM,04/01/2023 12:41:40 PM,,24,,39
04/01/2023 02:42:00 PM,04/01/2023 12:42:00 PM,,24,,39
04/01/2023 02:42:20 PM,04/01/2023 12:42:20 PM,,24,,39
04/01/2023 02:42:40 PM,04/01/2023 12:42:40 PM,,24,,39
04/01/2023 02:43:00 PM,04/01/2023 12:43:00 PM,,24,,39
04/01/2023 02:43:20 PM,04/01/2023 12:43:20 PM,,24,,39
04/01/2023 02:43:40 PM,04/01/2023 12:43:40 PM,,24,,39
04/01/2023 02:44:00 PM,04/01/2023 12:44:00 PM,,24,,39
04/01/2023 02:44:20 PM,04/01/2023 12:44:20 PM,,24,,39
04/01/2023 02:44:40 PM,04/01/2023 12:44:40 PM,,24,,39
04/01/2023 02:45:00 PM,04/01/2023 12:45:00 PM,,24,,39
04/01/2023 02:45:20 PM,04/01/2023 12:45:20 PM,,24,,39
04/01/2023 02:45:40 PM,04/01/2023 12:45:40 PM,,24,,39
04/01/2023 02:46:00 PM,04/01/2023 12:46:00 PM,,24,,39
04/01/2023 02:46:20 PM,04/01/2023 12:46:20 PM,,24,,39
04/01/2023 02:46:40 PM,04/01/2023 12:46:40 PM,,24,,39
04/01/2023 02:47:00 PM,04/01/2023 12:47:00 PM,,24,,39
04/01/2023 02:47:20 PM,04/01/2023 12:47:20 PM,,24,,39
04/01/2023 02:47:40 PM,04/01/2023 12:47:40 PM,,24,,39
04/01/2023 02:48:00 PM,04/01/2023 12:48:00 PM,,24,,39
04/01/2023 02:48:20 PM,04/01/2023 12:48:20 PM,,24,,39
04/01/2023 02:48:40 PM,04/01/2023 12:48:40 PM,,24,,39
04/01/2023 02:49:00 PM,04/01/2023 12:49:00 PM,,24,,39
04/01/2023 02:49:20 PM,04/01/2023 12:49:20 PM,,24,,39
04/01/2023 02:49:40 PM,04/01/2023 12:49:40 PM,,24,,39
04/01/2023 02:50:00 PM,04/01/2023 12:50:00 PM,,24,,39
04/01/2023 02:50:20 PM,04/01/2023 12:50:20 PM,,24,,39
04/01/2023 02:50:40 PM,04/01/2023 12:50:40 PM,,24,,39
04/01/2023 02:51:00 PM,04/01/2023 12:51:00 PM,,24,,39
04/01/2023 02:51:20 PM,04/01/2023 12:51:20 PM,,24,,39
04/01/2023 02:51:40 PM,04/01/2023 12:51:40 PM,,24,,39
04/01/2023 02:52:00 PM,04/01/2023 12:52:00 PM,,24,,39
04/01/2023 02:52:20 PM,04/01/2023 12:52:20 PM,,24,,39
04/01/2023 02:52:40 PM,04/01/2023 12:52:40 PM,,24,,39
04/01/2023 02:53:00 PM,04/01/2023 12:53:00 PM,,24,,39
04/01/2023 02:53:20 PM,04/01/2023 12:53:20 PM,,24,,39
04/01/2023 02:53:40 PM,04/01/2023 12:53:40 PM,,24,,39
04/01/2023 02:54:00 PM,04/01/2023 12:54:00 PM,,24,,39
04/01/2023 02:54:20 PM,04/01/2023 12:54:20 PM,,24,,39
04/01/2023 02:54:40 PM,04/01/2023 12:54:40 PM,,24,,39
04/01/2023 02:55:00 PM,04/01/2023 12:55:00 PM,,24,,39
04/01/2023 02:55:20 PM,04/01/2023 12:55:20 PM,,24,,39
04/01/2023 02:55:40 PM,04/01/2023 12:55:40 PM,,24,,39
04/01/2023 02:56:00 PM,04/01/2023 12:56:00 PM,,24,,39
04/01/2023 02:56:20 PM,04/01/2023 12:56:20 PM,,24,,39
04/01/2023 02:56:40 PM,04/01/2023 12:56:40 PM,,24,,39
04/01/2023 02:57:00 PM,04/01/2023 12:57:00 PM,,24,,39
04/01/2023 02:57:20 PM,04/01/2023 12:57:20 PM,,24,,39
04/01/2023 02:57:40 PM,04/01/2023 12:57:40 PM,,24,,39
04/01/2023 02:58:00 PM,04/01/2023 12:58:00 PM,,24,,39
04/01/2023 02:58:20 PM,04/01/2023 12:58:20 PM,,24,,40
04/01/2023 02:58:40 PM,04/01/2023 12:58:40 PM,,23.9,,40
04/01/2023 02:59:00 PM,04/01/2023 12:59:00 PM,,24,,39
04/01/2023 02:59:20 PM,04/01/2023 12:59:20 PM,,23.9,,39
04/01/2023 02:59:40 PM,04/01/2023 12:59:40 PM,,23.9,,40
04/01/2023 03:00:00 PM,04/01/2023 01:00:00 PM,,23.9,,39
04/01/2023 03:00:20 PM,04/01/2023 01:00:20 PM,,23.9,,40
04/01/2023 03:00:40 PM,04/01/2023 01:00:40 PM,,24,,39
04/01/2023 03:01:00 PM,04/01/2023 01:01:00 PM,,23.9,,39
04/01/2023 03:01:20 PM,04/01/2023 01:01:20 PM,,23.9,,39
04/01/2023 03:01:40 PM,04/01/2023 01:01:40 PM,,23.9,,40
04/01/2023 03:02:00 PM,04/01/2023 01:02:00 PM,,23.9,,39
04/01/2023 03:02:20 PM,04/01/2023 01:02:20 PM,,23.9,,40
04/01/2023 03:02:40 PM,04/01/2023 01:02:40 PM,,23.9,,39
04/01/2023 03:03:00 PM,04/01/2023 01:03:00 PM,,23.9,,39
04/01/2023 03:03:20 PM,04/01/2023 01:03:20 PM,,23.9,,40
04/01/2023 03:03:40 PM,04/01/2023 01:03:40 PM,,23.9,,40
04/01/2023 03:04:00 PM,04/01/2023 01:04:00 PM,,23.9,,40
04/01/2023 03:04:20 PM,04/01/2023 01:04:20 PM,,23.9,,40
04/01/2023 03:04:40 PM,04/01/2023 01:04:40 PM,,23.9,,40
04/01/2023 03:05:00 PM,04/01/2023 01:05:00 PM,,23.9,,40
04/01/2023 03:05:20 PM,04/01/2023 01:05:20 PM,,23.9,,40
04/01/2023 03:05:40 PM,04/01/2023 01:05:40 PM,,23.9,,40
04/01/2023 03:06:00 PM,04/01/2023 01:06:00 PM,,23.9,,40
04/01/2023 03:06:20 PM,04/01/2023 01:06:20 PM,,23.9,,40
04/01/2023 03:06:40 PM,04/01/2023 01:06:40 PM,,23.9,,39
04/01/2023 03:07:00 PM,04/01/2023 01:07:00 PM,,23.9,,40
04/01/2023 03:07:20 PM,04/01/2023 01:07:20 PM,,23.9,,40
04/01/2023 03:07:40 PM,04/01/2023 01:07:40 PM,,23.9,,39
04/01/2023 03:08:00 PM,04/01/2023 01:08:00 PM,,23.9,,40
04/01/2023 03:08:20 PM,04/01/2023 01:08:20 PM,,23.9,,40
04/01/2023 03:08:40 PM,04/01/2023 01:08:40 PM,,23.9,,40
04/01/2023 03:09:00 PM,04/01/2023 01:09:00 PM,,23.9,,40
04/01/2023 03:09:20 PM,04/01/2023 01:09:20 PM,,23.9,,40
04/01/2023 03:09:40 PM,04/01/2023 01:09:40 PM,,23.9,,40
04/01/2023 03:10:00 PM,04/01/2023 01:10:00 PM,,23.9,,40
04/01/2023 03:10:20 PM,04/01/2023 01:10:20 PM,,23.9,,40
04/01/2023 03:10:40 PM,04/01/2023 01:10:40 PM,,23.9,,40
04/01/2023 03:11:00 PM,04/01/2023 01:11:00 PM,,23.9,,40
04/01/2023 03:11:20 PM,04/01/2023 01:11:20 PM,,23.9,,40
04/01/2023 03:11:40 PM,04/01/2023 01:11:40 PM,,23.9,,40
04/01/2023 03:12:00 PM,04/01/2023 01:12:00 PM,,23.9,,40
04/01/2023 03:12:20 PM,04/01/2023 01:12:20 PM,,23.9,,40
04/01/2023 03:12:40 PM,04/01/2023 01:12:40 PM,,23.9,,40
04/01/2023 03:13:00 PM,04/01/2023 01:13:00 PM,,23.9,,40
04/01/2023 03:13:20 PM,04/01/2023 01:13:20 PM,,23.9,,40
04/01/2023 03:13:40 PM,04/01/2023 01:13:40 PM,,23.9,,40
04/01/2023 03:14:00 PM,04/01/2023 01:14:00 PM,,23.9,,40
04/01/2023 03:14:20 PM,04/01/2023 01:14:20 PM,,23.9,,40
04/01/2023 03:14:40 PM,04/01/2023 01:14:40 PM,,23.9,,40
04/01/2023 03:15:00 PM,04/01/2023 01:15:00 PM,,23.9,,40
04/01/2023 03:15:20 PM,04/01/2023 01:15:20 PM,,23.9,,40
04/01/2023 03:15:40 PM,04/01/2023 01:15:40 PM,,23.9,,40
04/01/2023 03:16:00 PM,04/01/2023 01:16:00 PM,,23.9,,40
04/01/2023 03:16:20 PM,04/01/2023 01:16:20 PM,,23.9,,40
04/01/2023 03:16:40 PM,04/01/2023 01:16:40 PM,,23.9,,40
04/01/2023 03:17:00 PM,04/01/2023 01:17:00 PM,,23.9,,40
04/01/2023 03:17:20 PM,04/01/2023 01:17:20 PM,,23.9,,40
04/01/2023 03:17:40 PM,04/01/2023 01:17:40 PM,,23.9,,40
04/01/2023 03:18:00 PM,04/01/2023 01:18:00 PM,,23.9,,40
04/01/2023 03:18:20 PM,04/01/2023 01:18:20 PM,,23.9,,40
04/01/2023 03:18:40 PM,04/01/2023 01:18:40 PM,,23.9,,40
04/01/2023 03:19:00 PM,04/01/2023 01:19:00 PM,,23.9,,40
04/01/2023 03:19:20 PM,04/01/2023 01:19:20 PM,,23.9,,40
04/01/2023 03:19:40 PM,04/01/2023 01:19:40 PM,,23.9,,40
04/01/2023 03:20:00 PM,04/01/2023 01:20:00 PM,,23.9,,40
04/01/2023 03:20:20 PM,04/01/2023 01:20:20 PM,,23.9,,40
04/01/2023 03:20:40 PM,04/01/2023 01:20:40 PM,,23.9,,40
04/01/2023 03:21:00 PM,04/01/2023 01:21:00 PM,,23.9,,40
04/01/2023 03:21:20 PM,04/01/2023 01:21:20 PM,,23.9,,40
04/01/2023 03:21:40 PM,04/01/2023 01:21:40 PM,,23.9,,40
04/01/2023 03:22:00 PM,04/01/2023 01:22:00 PM,,23.9,,40
04/01/2023 03:22:20 PM,04/01/2023 01:22:20 PM,,23.9,,40
04/01/2023 03:22:40 PM,04/01/2023 01:22:40 PM,,23.9,,40
04/01/2023 03:23:00 PM,04/01/2023 01:23:00 PM,,23.799999,,40
04/01/2023 03:23:20 PM,04/01/2023 01:23:20 PM,,23.9,,40
04/01/2023 03:23:40 PM,04/01/2023 01:23:40 PM,,23.9,,40
04/01/2023 03:24:00 PM,04/01/2023 01:24:00 PM,,23.799999,,40
04/01/2023 03:24:20 PM,04/01/2023 01:24:20 PM,,23.799999,,40
04/01/2023 03:24:40 PM,04/01/2023 01:24:40 PM,,23.9,,40
04/01/2023 03:25:00 PM,04/01/2023 01:25:00 PM,,23.9,,40
04/01/2023 03:25:20 PM,04/01/2023 01:25:20 PM,,23.799999,,40
04/01/2023 03:25:40 PM,04/01/2023 01:25:40 PM,,23.9,,40
04/01/2023 03:26:00 PM,04/01/2023 01:26:00 PM,,23.799999,,40
04/01/2023 03:26:20 PM,04/01/2023 01:26:20 PM,,23.9,,40
04/01/2023 03:26:40 PM,04/01/2023 01:26:40 PM,,23.799999,,40
04/01/2023 03:27:00 PM,04/01/2023 01:27:00 PM,,23.799999,,40
04/01/2023 03:27:20 PM,04/01/2023 01:27:20 PM,,23.799999,,40
04/01/2023 03:27:40 PM,04/01/2023 01:27:40 PM,,23.799999,,40
04/01/2023 03:28:00 PM,04/01/2023 01:28:00 PM,,23.799999,,40
04/01/2023 03:28:20 PM,04/01/2023 01:28:20 PM,,23.799999,,40
04/01/2023 03:28:40 PM,04/01/2023 01:28:40 PM,,23.799999,,40
04/01/2023 03:29:00 PM,04/01/2023 01:29:00 PM,,23.9,,40
04/01/2023 03:29:20 PM,04/01/2023 01:29:20 PM,,23.799999,,40
04/01/2023 03:29:40 PM,04/01/2023 01:29:40 PM,,23.9,,40
04/01/2023 03:30:00 PM,04/01/2023 01:30:00 PM,,23.9,,40
04/01/2023 03:30:20 PM,04/01/2023 01:30:20 PM,,23.9,,40
04/01/2023 03:30:40 PM,04/01/2023 01:30:40 PM,,23.9,,40
04/01/2023 03:31:00 PM,04/01/2023 01:31:00 PM,,23.9,,40
04/01/2023 03:31:20 PM,04/01/2023 01:31:20 PM,,23.9,,40
04/01/2023 03:31:40 PM,04/01/2023 01:31:40 PM,,23.9,,40
04/01/2023 03:32:00 PM,04/01/2023 01:32:00 PM,,23.799999,,40
04/01/2023 03:32:20 PM,04/01/2023 01:32:20 PM,,23.9,,40
04/01/2023 03:32:40 PM,04/01/2023 01:32:40 PM,,23.799999,,40
04/01/2023 03:33:00 PM,04/01/2023 01:33:00 PM,,23.799999,,40
04/01/2023 03:33:20 PM,04/01/2023 01:33:20 PM,,23.9,,40
04/01/2023 03:33:40 PM,04/01/2023 01:33:40 PM,,23.799999,,40
04/01/2023 03:34:00 PM,04/01/2023 01:34:00 PM,,23.799999,,40
04/01/2023 03:34:20 PM,04/01/2023 01:34:20 PM,,23.799999,,40
04/01/2023 03:34:40 PM,04/01/2023 01:34:40 PM,,23.799999,,40
04/01/2023 03:35:00 PM,04/01/2023 01:35:00 PM,,23.799999,,40
04/01/2023 03:35:20 PM,04/01/2023 01:35:20 PM,,23.799999,,40
04/01/2023 03:35:40 PM,04/01/2023 01:35:40 PM,,23.799999,,40
04/01/2023 03:36:00 PM,04/01/2023 01:36:00 PM,,23.799999,,40
04/01/2023 03:36:20 PM,04/01/2023 01:36:20 PM,,23.799999,,40
04/01/2023 03:36:40 PM,04/01/2023 01:36:40 PM,,23.799999,,40
04/01/2023 03:37:00 PM,04/01/2023 01:37:00 PM,,23.799999,,40
04/01/2023 03:37:20 PM,04/01/2023 01:37:20 PM,,23.799999,,40
04/01/2023 03:37:40 PM,04/01/2023 01:37:40 PM,,23.799999,,40
04/01/2023 03:38:00 PM,04/01/2023 01:38:00 PM,,23.799999,,40
04/01/2023 03:38:20 PM,04/01/2023 01:38:20 PM,,23.799999,,40
04/01/2023 03:38:40 PM,04/01/2023 01:38:40 PM,,23.799999,,40
04/01/2023 03:39:00 PM,04/01/2023 01:39:00 PM,,23.799999,,40
04/01/2023 03:39:20 PM,04/01/2023 01:39:20 PM,,23.799999,,40
04/01/2023 03:39:40 PM,04/01/2023 01:39:40 PM,,23.799999,,40
04/01/2023 03:40:00 PM,04/01/2023 01:40:00 PM,,23.799999,,40
04/01/2023 03:40:20 PM,04/01/2023 01:40:20 PM,,23.9,,40
04/01/2023 03:40:40 PM,04/01/2023 01:40:40 PM,,23.799999,,40
04/01/2023 03:41:00 PM,04/01/2023 01:41:00 PM,,23.799999,,40
04/01/2023 03:41:20 PM,04/01/2023 01:41:20 PM,,23.799999,,40
04/01/2023 03:41:40 PM,04/01/2023 01:41:40 PM,,23.799999,,40
04/01/2023 03:42:00 PM,04/01/2023 01:42:00 PM,,23.799999,,40
04/01/2023 03:42:20 PM,04/01/2023 01:42:20 PM,,23.799999,,40
04/01/2023 03:42:40 PM,04/01/2023 01:42:40 PM,,23.799999,,40
04/01/2023 03:43:00 PM,04/01/2023 01:43:00 PM,,23.799999,,40
04/01/2023 03:43:20 PM,04/01/2023 01:43:20 PM,,23.799999,,40
04/01/2023 03:43:40 PM,04/01/2023 01:43:40 PM,,23.799999,,40
04/01/2023 03:44:00 PM,04/01/2023 01:44:00 PM,,23.799999,,40
04/01/2023 03:44:20 PM,04/01/2023 01:44:20 PM,,23.799999,,40
04/01/2023 03:44:40 PM,04/01/2023 01:44:40 PM,,23.799999,,40
04/01/2023 03:45:00 PM,04/01/2023 01:45:00 PM,,23.799999,,40
04/01/2023 03:45:20 PM,04/01/2023 01:45:20 PM,,23.799999,,40
04/01/2023 03:45:40 PM,04/01/2023 01:45:40 PM,,23.799999,,40
04/01/2023 03:46:00 PM,04/01/2023 01:46:00 PM,,23.799999,,40
04/01/2023 03:46:20 PM,04/01/2023 01:46:20 PM,,23.799999,,40
04/01/2023 03:46:40 PM,04/01/2023 01:46:40 PM,,23.799999,,40
04/01/2023 03:47:00 PM,04/01/2023 01:47:00 PM,,23.799999,,40
04/01/2023 03:47:20 PM,04/01/2023 01:47:20 PM,,23.799999,,40
04/01/2023 03:47:40 PM,04/01/2023 01:47:40 PM,,23.799999,,40
04/01/2023 03:48:00 PM,04/01/2023 01:48:00 PM,,23.799999,,40
04/01/2023 03:48:20 PM,04/01/2023 01:48:20 PM,,23.799999,,40
04/01/2023 03:48:40 PM,04/01/2023 01:48:40 PM,,23.799999,,40
04/01/2023 03:49:00 PM,04/01/2023 01:49:00 PM,,23.799999,,40
04/01/2023 03:49:20 PM,04/01/2023 01:49:20 PM,,23.799999,,40
04/01/2023 03:49:40 PM,04/01/2023 01:49:40 PM,,23.799999,,40
04/01/2023 03:50:00 PM,04/01/2023 01:50:00 PM,,23.799999,,40
04/01/2023 03:50:20 PM,04/01/2023 01:50:20 PM,,23.799999,,40
04/01/2023 03:50:40 PM,04/01/2023 01:50:40 PM,,23.799999,,40
04/01/2023 03:51:00 PM,04/01/2023 01:51:00 PM,,23.799999,,40
04/01/2023 03:51:20 PM,04/01/2023 01:51:20 PM,,23.799999,,40
04/01/2023 03:51:40 PM,04/01/2023 01:51:40 PM,,23.799999,,40
04/01/2023 03:52:00 PM,04/01/2023 01:52:00 PM,,23.799999,,40
04/01/2023 03:52:20 PM,04/01/2023 01:52:20 PM,,23.799999,,40
04/01/2023 03:52:40 PM,04/01/2023 01:52:40 PM,,23.799999,,40
04/01/2023 03:53:00 PM,04/01/2023 01:53:00 PM,,23.799999,,40
04/01/2023 03:53:20 PM,04/01/2023 01:53:20 PM,,23.799999,,40
04/01/2023 03:53:40 PM,04/01/2023 01:53:40 PM,,23.799999,,40
04/01/2023 03:54:00 PM,04/01/2023 01:54:00 PM,,23.799999,,40
04/01/2023 03:54:20 PM,04/01/2023 01:54:20 PM,,23.799999,,40
04/01/2023 03:54:40 PM,04/01/2023 01:54:40 PM,,23.799999,,40
04/01/2023 03:55:00 PM,04/01/2023 01:55:00 PM,,23.799999,,40
04/01/2023 03:55:20 PM,04/01/2023 01:55:20 PM,,23.799999,,40
04/01/2023 03:55:40 PM,04/01/2023 01:55:40 PM,,23.799999,,40
04/01/2023 03:56:00 PM,04/01/2023 01:56:00 PM,,23.799999,,40
04/01/2023 03:56:20 PM,04/01/2023 01:56:20 PM,,23.799999,,40
04/01/2023 03:56:40 PM,04/01/2023 01:56:40 PM,,23.799999,,40
04/01/2023 03:57:00 PM,04/01/2023 01:57:00 PM,,23.799999,,40
04/01/2023 03:57:20 PM,04/01/2023 01:57:20 PM,,23.799999,,40
04/01/2023 03:57:40 PM,04/01/2023 01:57:40 PM,,23.799999,,40
04/01/2023 03:58:00 PM,04/01/2023 01:58:00 PM,,23.799999,,40
04/01/2023 03:58:20 PM,04/01/2023 01:58:20 PM,,23.799999,,40
04/01/2023 03:58:40 PM,04/01/2023 01:58:40 PM,,23.799999,,40
04/01/2023 03:59:00 PM,04/01/2023 01:59:00 PM,,23.799999,,40
04/01/2023 03:59:20 PM,04/01/2023 01:59:20 PM,,23.799999,,40
04/01/2023 03:59:40 PM,04/01/2023 01:59:40 PM,,23.799999,,40
04/01/2023 04:00:00 PM,04/01/2023 02:00:00 PM,,23.799999,,40
04/01/2023 04:00:20 PM,04/01/2023 02:00:20 PM,,23.799999,,40
04/01/2023 04:00:40 PM,04/01/2023 02:00:40 PM,,23.799999,,40
04/01/2023 04:01:00 PM,04/01/2023 02:01:00 PM,,23.799999,,40
04/01/2023 04:01:20 PM,04/01/2023 02:01:20 PM,,23.799999,,40
04/01/2023 04:01:40 PM,04/01/2023 02:01:40 PM,,23.799999,,40
04/01/2023 04:02:00 PM,04/01/2023 02:02:00 PM,,23.799999,,40
04/01/2023 04:02:20 PM,04/01/2023 02:02:20 PM,,23.799999,,40
04/01/2023 04:02:40 PM,04/01/2023 02:02:40 PM,,23.799999,,40
04/01/2023 04:03:00 PM,04/01/2023 02:03:00 PM,,23.799999,,40
04/01/2023 04:03:20 PM,04/01/2023 02:03:20 PM,,23.799999,,40
04/01/2023 04:03:40 PM,04/01/2023 02:03:40 PM,,23.799999,,40
04/01/2023 04:04:00 PM,04/01/2023 02:04:00 PM,,23.799999,,40
04/01/2023 04:04:20 PM,04/01/2023 02:04:20 PM,,23.799999,,40
04/01/2023 04:04:40 PM,04/01/2023 02:04:40 PM,,23.799999,,40
04/01/2023 04:05:00 PM,04/01/2023 02:05:00 PM,,23.799999,,40
04/01/2023 04:05:20 PM,04/01/2023 02:05:20 PM,,23.799999,,40
04/01/2023 04:05:40 PM,04/01/2023 02:05:40 PM,,23.799999,,40
04/01/2023 04:06:00 PM,04/01/2023 02:06:00 PM,,23.799999,,40
04/01/2023 04:06:20 PM,04/01/2023 02:06:20 PM,,23.799999,,40
04/01/2023 04:06:40 PM,04/01/2023 02:06:40 PM,,23.799999,,40
04/01/2023 04:07:00 PM,04/01/2023 02:07:00 PM,,23.799999,,40
04/01/2023 04:07:20 PM,04/01/2023 02:07:20 PM,,23.799999,,40
04/01/2023 04:07:40 PM,04/01/2023 02:07:40 PM,,23.799999,,40
04/01/2023 04:08:00 PM,04/01/2023 02:08:00 PM,,23.799999,,40
04/01/2023 04:08:20 PM,04/01/2023 02:08:20 PM,,23.799999,,40
04/01/2023 04:08:40 PM,04/01/2023 02:08:40 PM,,23.799999,,40
04/01/2023 04:09:00 PM,04/01/2023 02:09:00 PM,,23.799999,,40
04/01/2023 04:09:20 PM,04/01/2023 02:09:20 PM,,23.799999,,40
04/01/2023 04:09:40 PM,04/01/2023 02:09:40 PM,,23.799999,,40
04/01/2023 04:10:00 PM,04/01/2023 02:10:00 PM,,23.799999,,40
04/01/2023 04:10:20 PM,04/01/2023 02:10:20 PM,,23.799999,,40
04/01/2023 04:10:40 PM,04/01/2023 02:10:40 PM,,23.799999,,40
04/01/2023 04:11:00 PM,04/01/2023 02:11:00 PM,,23.799999,,40
04/01/2023 04:11:20 PM,04/01/2023 02:11:20 PM,,23.799999,,40
04/01/2023 04:11:40 PM,04/01/2023 02:11:40 PM,,23.799999,,40
04/01/2023 04:12:00 PM,04/01/2023 02:12:00 PM,,23.799999,,40
04/01/2023 04:12:20 PM,04/01/2023 02:12:20 PM,,23.799999,,40
04/01/2023 04:12:40 PM,04/01/2023 02:12:40 PM,,23.799999,,40
04/01/2023 04:13:00 PM,04/01/2023 02:13:00 PM,,23.799999,,40
04/01/2023 04:13:20 PM,04/01/2023 02:13:20 PM,,23.799999,,40
04/01/2023 04:13:40 PM,04/01/2023 02:13:40 PM,,23.799999,,40
04/01/2023 04:14:00 PM,04/01/2023 02:14:00 PM,,23.799999,,40
04/01/2023 04:14:20 PM,04/01/2023 02:14:20 PM,,23.799999,,40
04/01/2023 04:14:40 PM,04/01/2023 02:14:40 PM,,23.799999,,40
04/01/2023 04:15:00 PM,04/01/2023 02:15:00 PM,,23.799999,,40
04/01/2023 04:15:20 PM,04/01/2023 02:15:20 PM,,23.799999,,40
04/01/2023 04:15:40 PM,04/01/2023 02:15:40 PM,,23.799999,,40
04/01/2023 04:16:00 PM,04/01/2023 02:16:00 PM,,23.799999,,40
04/01/2023 04:16:20 PM,04/01/2023 02:16:20 PM,,23.799999,,40
04/01/2023 04:16:40 PM,04/01/2023 02:16:40 PM,,23.799999,,40
04/01/2023 04:17:00 PM,04/01/2023 02:17:00 PM,,23.799999,,40
04/01/2023 04:17:20 PM,04/01/2023 02:17:20 PM,,23.799999,,40
04/01/2023 04:17:40 PM,04/01/2023 02:17:40 PM,,23.799999,,40
04/01/2023 04:18:00 PM,04/01/2023 02:18:00 PM,,23.799999,,40
04/01/2023 04:18:20 PM,04/01/2023 02:18:20 PM,,23.799999,,40
04/01/2023 04:18:40 PM,04/01/2023 02:18:40 PM,,23.799999,,40
04/01/2023 04:19:00 PM,04/01/2023 02:19:00 PM,,23.799999,,40
04/01/2023 04:19:20 PM,04/01/2023 02:19:20 PM,,23.799999,,40
04/01/2023 04:19:40 PM,04/01/2023 02:19:40 PM,,23.799999,,40
04/01/2023 04:20:00 PM,04/01/2023 02:20:00 PM,,23.799999,,40
04/01/2023 04:20:20 PM,04/01/2023 02:20:20 PM,,23.799999,,40
04/01/2023 04:20:40 PM,04/01/2023 02:20:40 PM,,23.799999,,40
04/01/2023 04:21:00 PM,04/01/2023 02:21:00 PM,,23.799999,,40
04/01/2023 04:21:20 PM,04/01/2023 02:21:20 PM,,23.799999,,40
04/01/2023 04:21:40 PM,04/01/2023 02:21:40 PM,,23.799999,,40
04/01/2023 04:22:00 PM,04/01/2023 02:22:00 PM,,23.799999,,40
04/01/2023 04:22:20 PM,04/01/2023 02:22:20 PM,,23.799999,,40
04/01/2023 04:22:40 PM,04/01/2023 02:22:40 PM,,23.799999,,40
04/01/2023 04:23:00 PM,04/01/2023 02:23:00 PM,,23.799999,,40
04/01/2023 04:23:20 PM,04/01/2023 02:23:20 PM,,23.799999,,40
04/01/2023 04:23:40 PM,04/01/2023 02:23:40 PM,,23.799999,,40
04/01/2023 04:24:00 PM,04/01/2023 02:24:00 PM,,23.799999,,40
04/01/2023 04:24:20 PM,04/01/2023 02:24:20 PM,,23.799999,,40
04/01/2023 04:24:40 PM,04/01/2023 02:24:40 PM,,23.799999,,40
04/01/2023 04:25:00 PM,04/01/2023 02:25:00 PM,,23.799999,,40
04/01/2023 04:25:20 PM,04/01/2023 02:25:20 PM,,23.799999,,40
04/01/2023 04:25:40 PM,04/01/2023 02:25:40 PM,,23.799999,,40
04/01/2023 04:26:00 PM,04/01/2023 02:26:00 PM,,23.799999,,40
04/01/2023 04:26:20 PM,04/01/2023 02:26:20 PM,,23.700001,,40
04/01/2023 04:26:40 PM,04/01/2023 02:26:40 PM,,23.799999,,40
04/01/2023 04:27:00 PM,04/01/2023 02:27:00 PM,,23.799999,,40
04/01/2023 04:27:20 PM,04/01/2023 02:27:20 PM,,23.799999,,40
04/01/2023 04:27:40 PM,04/01/2023 02:27:40 PM,,23.799999,,40
04/01/2023 04:28:00 PM,04/01/2023 02:28:00 PM,,23.799999,,40
04/01/2023 04:28:20 PM,04/01/2023 02:28:20 PM,,23.799999,,40
04/01/2023 04:28:40 PM,04/01/2023 02:28:40 PM,,23.799999,,40
04/01/2023 04:29:00 PM,04/01/2023 02:29:00 PM,,23.799999,,40
04/01/2023 04:29:20 PM,04/01/2023 02:29:20 PM,,23.700001,,40
04/01/2023 04:29:40 PM,04/01/2023 02:29:40 PM,,23.700001,,40
04/01/2023 04:30:00 PM,04/01/2023 02:30:00 PM,,23.799999,,40
04/01/2023 04:30:20 PM,04/01/2023 02:30:20 PM,,23.799999,,40
04/01/2023 04:30:40 PM,04/01/2023 02:30:40 PM,,23.799999,,40
04/01/2023 04:31:00 PM,04/01/2023 02:31:00 PM,,23.700001,,40
04/01/2023 04:31:20 PM,04/01/2023 02:31:20 PM,,23.700001,,40
04/01/2023 04:31:40 PM,04/01/2023 02:31:40 PM,,23.799999,,40
04/01/2023 04:32:00 PM,04/01/2023 02:32:00 PM,,23.799999,,40
04/01/2023 04:32:20 PM,04/01/2023 02:32:20 PM,,23.799999,,40
04/01/2023 04:32:40 PM,04/01/2023 02:32:40 PM,,23.799999,,40
04/01/2023 04:33:00 PM,04/01/2023 02:33:00 PM,,23.799999,,40
04/01/2023 04:33:20 PM,04/01/2023 02:33:20 PM,,23.799999,,40
04/01/2023 04:33:40 PM,04/01/2023 02:33:40 PM,,23.799999,,40
04/01/2023 04:34:00 PM,04/01/2023 02:34:00 PM,,23.799999,,40
04/01/2023 04:34:20 PM,04/01/2023 02:34:20 PM,,23.799999,,40
04/01/2023 04:34:40 PM,04/01/2023 02:34:40 PM,,23.799999,,40
04/01/2023 04:35:00 PM,04/01/2023 02:35:00 PM,,23.799999,,40
04/01/2023 04:35:20 PM,04/01/2023 02:35:20 PM,,23.799999,,40
04/01/2023 04:35:40 PM,04/01/2023 02:35:40 PM,,23.799999,,40
04/01/2023 04:36:00 PM,04/01/2023 02:36:00 PM,,23.799999,,40
04/01/2023 04:36:20 PM,04/01/2023 02:36:20 PM,,23.799999,,40
04/01/2023 04:36:40 PM,04/01/2023 02:36:40 PM,,23.799999,,40
04/01/2023 04:37:00 PM,04/01/2023 02:37:00 PM,,23.799999,,40
04/01/2023 04:37:20 PM,04/01/2023 02:37:20 PM,,23.799999,,40
04/01/2023 04:37:40 PM,04/01/2023 02:37:40 PM,,23.799999,,40
04/01/2023 04:38:00 PM,04/01/2023 02:38:00 PM,,23.799999,,40
04/01/2023 04:38:20 PM,04/01/2023 02:38:20 PM,,23.799999,,40
04/01/2023 04:38:40 PM,04/01/2023 02:38:40 PM,,23.799999,,40
04/01/2023 04:39:00 PM,04/01/2023 02:39:00 PM,,23.799999,,40
04/01/2023 04:39:20 PM,04/01/2023 02:39:20 PM,,23.799999,,40
04/01/2023 04:39:40 PM,04/01/2023 02:39:40 PM,,23.799999,,40
04/01/2023 04:40:00 PM,04/01/2023 02:40:00 PM,,23.799999,,40
04/01/2023 04:40:20 PM,04/01/2023 02:40:20 PM,,23.799999,,40
04/01/2023 04:40:40 PM,04/01/2023 02:40:40 PM,,23.799999,,40
04/01/2023 04:41:00 PM,04/01/2023 02:41:00 PM,,23.799999,,40
04/01/2023 04:41:20 PM,04/01/2023 02:41:20 PM,,23.799999,,40
04/01/2023 04:41:40 PM,04/01/2023 02:41:40 PM,,23.799999,,40
04/01/2023 04:42:00 PM,04/01/2023 02:42:00 PM,,23.799999,,40
04/01/2023 04:42:20 PM,04/01/2023 02:42:20 PM,,23.799999,,40
04/01/2023 04:42:40 PM,04/01/2023 02:42:40 PM,,23.799999,,40
04/01/2023 04:43:00 PM,04/01/2023 02:43:00 PM,,23.799999,,40
04/01/2023 04:43:20 PM,04/01/2023 02:43:20 PM,,23.799999,,40
04/01/2023 04:43:40 PM,04/01/2023 02:43:40 PM,,23.799999,,40
04/01/2023 04:44:00 PM,04/01/2023 02:44:00 PM,,23.799999,,40
04/01/2023 04:44:20 PM,04/01/2023 02:44:20 PM,,23.799999,,40
04/01/2023 04:44:40 PM,04/01/2023 02:44:40 PM,,23.799999,,40
04/01/2023 04:45:00 PM,04/01/2023 02:45:00 PM,,23.799999,,40
04/01/2023 04:45:20 PM,04/01/2023 02:45:20 PM,,23.799999,,40
04/01/2023 04:45:40 PM,04/01/2023 02:45:40 PM,,23.799999,,40
04/01/2023 04:46:00 PM,04/01/2023 02:46:00 PM,,23.799999,,40
04/01/2023 04:46:20 PM,04/01/2023 02:46:20 PM,,23.799999,,40
04/01/2023 04:46:40 PM,04/01/2023 02:46:40 PM,,23.799999,,40
04/01/2023 04:47:00 PM,04/01/2023 02:47:00 PM,,23.799999,,40
04/01/2023 04:47:20 PM,04/01/2023 02:47:20 PM,,23.799999,,40
04/01/2023 04:47:40 PM,04/01/2023 02:47:40 PM,,23.799999,,40
04/01/2023 04:48:00 PM,04/01/2023 02:48:00 PM,,23.799999,,40
04/01/2023 04:48:20 PM,04/01/2023 02:48:20 PM,,23.799999,,40
04/01/2023 04:48:40 PM,04/01/2023 02:48:40 PM,,23.799999,,40
04/01/2023 04:49:00 PM,04/01/2023 02:49:00 PM,,23.799999,,40
04/01/2023 04:49:20 PM,04/01/2023 02:49:20 PM,,23.799999,,40
04/01/2023 04:49:40 PM,04/01/2023 02:49:40 PM,,23.799999,,40
04/01/2023 04:50:00 PM,04/01/2023 02:50:00 PM,,23.799999,,40
04/01/2023 04:50:20 PM,04/01/2023 02:50:20 PM,,23.799999,,40
04/01/2023 04:50:40 PM,04/01/2023 02:50:40 PM,,23.799999,,40
04/01/2023 04:51:00 PM,04/01/2023 02:51:00 PM,,23.799999,,40
04/01/2023 04:51:20 PM,04/01/2023 02:51:20 PM,,23.799999,,40
04/01/2023 04:51:40 PM,04/01/2023 02:51:40 PM,,23.799999,,40
04/01/2023 04:52:00 PM,04/01/2023 02:52:00 PM,,23.799999,,40
04/01/2023 04:52:20 PM,04/01/2023 02:52:20 PM,,23.799999,,40
04/01/2023 04:52:40 PM,04/01/2023 02:52:40 PM,,23.799999,,40
04/01/2023 04:53:00 PM,04/01/2023 02:53:00 PM,,23.799999,,40
04/01/2023 04:53:20 PM,04/01/2023 02:53:20 PM,,23.799999,,40
04/01/2023 04:53:40 PM,04/01/2023 02:53:40 PM,,23.799999,,40
04/01/2023 04:54:00 PM,04/01/2023 02:54:00 PM,,23.799999,,40
04/01/2023 04:54:20 PM,04/01/2023 02:54:20 PM,,23.799999,,40
04/01/2023 04:54:40 PM,04/01/2023 02:54:40 PM,,23.799999,,40
04/01/2023 04:55:00 PM,04/01/2023 02:55:00 PM,,23.799999,,40
04/01/2023 04:55:20 PM,04/01/2023 02:55:20 PM,,23.799999,,40
04/01/2023 04:55:40 PM,04/01/2023 02:55:40 PM,,23.700001,,40
04/01/2023 04:56:00 PM,04/01/2023 02:56:00 PM,,23.700001,,40
04/01/2023 04:56:20 PM,04/01/2023 02:56:20 PM,,23.799999,,40
04/01/2023 04:56:40 PM,04/01/2023 02:56:40 PM,,23.799999,,40
04/01/2023 04:57:00 PM,04/01/2023 02:57:00 PM,,23.799999,,40
04/01/2023 04:57:20 PM,04/01/2023 02:57:20 PM,,23.799999,,40
04/01/2023 04:57:40 PM,04/01/2023 02:57:40 PM,,23.799999,,40
04/01/2023 04:58:00 PM,04/01/2023 02:58:00 PM,,23.799999,,40
04/01/2023 04:58:20 PM,04/01/2023 02:58:20 PM,,23.799999,,40
04/01/2023 04:58:40 PM,04/01/2023 02:58:40 PM,,23.799999,,40
04/01/2023 04:59:00 PM,04/01/2023 02:59:00 PM,,23.799999,,40
04/01/2023 04:59:20 PM,04/01/2023 02:59:20 PM,,23.799999,,40
04/01/2023 04:59:40 PM,04/01/2023 02:59:40 PM,,23.799999,,40
04/01/2023 05:00:00 PM,04/01/2023 03:00:00 PM,,23.799999,,40
04/01/2023 05:00:20 PM,04/01/2023 03:00:20 PM,,23.799999,,40
04/01/2023 05:00:40 PM,04/01/2023 03:00:40 PM,,23.799999,,40
04/01/2023 05:01:00 PM,04/01/2023 03:01:00 PM,,23.799999,,40
04/01/2023 05:01:20 PM,04/01/2023 03:01:20 PM,,23.799999,,40
04/01/2023 05:01:40 PM,04/01/2023 03:01:40 PM,,23.799999,,40
04/01/2023 05:02:00 PM,04/01/2023 03:02:00 PM,,23.799999,,40
04/01/2023 05:02:20 PM,04/01/2023 03:02:20 PM,,23.700001,,40
04/01/2023 05:02:40 PM,04/01/2023 03:02:40 PM,,23.799999,,40
04/01/2023 05:03:00 PM,04/01/2023 03:03:00 PM,,23.700001,,40
04/01/2023 05:03:20 PM,04/01/2023 03:03:20 PM,,23.799999,,40
04/01/2023 05:03:40 PM,04/01/2023 03:03:40 PM,,23.799999,,40
04/01/2023 05:04:00 PM,04/01/2023 03:04:00 PM,,23.799999,,40
04/01/2023 05:04:20 PM,04/01/2023 03:04:20 PM,,23.799999,,40
04/01/2023 05:04:40 PM,04/01/2023 03:04:40 PM,,23.799999,,40
04/01/2023 05:05:00 PM,04/01/2023 03:05:00 PM,,23.799999,,40
04/01/2023 05:05:20 PM,04/01/2023 03:05:20 PM,,23.799999,,40
04/01/2023 05:05:40 PM,04/01/2023 03:05:40 PM,,23.799999,,40
04/01/2023 05:06:00 PM,04/01/2023 03:06:00 PM,,23.799999,,40
04/01/2023 05:06:20 PM,04/01/2023 03:06:20 PM,,23.700001,,40
04/01/2023 05:06:40 PM,04/01/2023 03:06:40 PM,,23.799999,,41
04/01/2023 05:07:00 PM,04/01/2023 03:07:00 PM,,23.799999,,40
04/01/2023 05:07:20 PM,04/01/2023 03:07:20 PM,,23.799999,,41
04/01/2023 05:07:40 PM,04/01/2023 03:07:40 PM,,23.799999,,41
04/01/2023 05:08:00 PM,04/01/2023 03:08:00 PM,,23.799999,,41
04/01/2023 05:08:20 PM,04/01/2023 03:08:20 PM,,23.799999,,40
04/01/2023 05:08:40 PM,04/01/2023 03:08:40 PM,,23.799999,,40
04/01/2023 05:09:00 PM,04/01/2023 03:09:00 PM,,23.799999,,40
04/01/2023 05:09:20 PM,04/01/2023 03:09:20 PM,,23.799999,,40
04/01/2023 05:09:40 PM,04/01/2023 03:09:40 PM,,23.799999,,40
04/01/2023 05:10:00 PM,04/01/2023 03:10:00 PM,,23.799999,,40
04/01/2023 05:10:20 PM,04/01/2023 03:10:20 PM,,23.799999,,40
04/01/2023 05:10:40 PM,04/01/2023 03:10:40 PM,,23.799999,,40
04/01/2023 05:11:00 PM,04/01/2023 03:11:00 PM,,23.799999,,41
04/01/2023 05:11:20 PM,04/01/2023 03:11:20 PM,,23.799999,,41
04/01/2023 05:11:40 PM,04/01/2023 03:11:40 PM,,23.9,,40
04/01/2023 05:12:00 PM,04/01/2023 03:12:00 PM,,23.9,,40
04/01/2023 05:12:20 PM,04/01/2023 03:12:20 PM,,23.9,,40
04/01/2023 05:12:40 PM,04/01/2023 03:12:40 PM,,23.9,,40
04/01/2023 05:13:00 PM,04/01/2023 03:13:00 PM,,23.9,,40
04/01/2023 05:13:20 PM,04/01/2023 03:13:20 PM,,23.9,,40
04/01/2023 05:13:40 PM,04/01/2023 03:13:40 PM,,23.9,,40
04/01/2023 05:14:00 PM,04/01/2023 03:14:00 PM,,23.9,,40
04/01/2023 05:14:20 PM,04/01/2023 03:14:20 PM,,23.9,,40
04/01/2023 05:14:40 PM,04/01/2023 03:14:40 PM,,24,,40
04/01/2023 05:15:00 PM,04/01/2023 03:15:00 PM,,24,,40
04/01/2023 05:15:20 PM,04/01/2023 03:15:20 PM,,24,,40
04/01/2023 05:15:40 PM,04/01/2023 03:15:40 PM,,24,,40
04/01/2023 05:16:00 PM,04/01/2023 03:16:00 PM,,24,,40
04/01/2023 05:16:20 PM,04/01/2023 03:16:20 PM,,24,,40
04/01/2023 05:16:40 PM,04/01/2023 03:16:40 PM,,24,,40
04/01/2023 05:17:00 PM,04/01/2023 03:17:00 PM,,24,,41
04/01/2023 05:17:20 PM,04/01/2023 03:17:20 PM,,24,,40
04/01/2023 05:17:40 PM,04/01/2023 03:17:40 PM,,24,,40
04/01/2023 05:18:00 PM,04/01/2023 03:18:00 PM,,24,,40
04/01/2023 05:18:20 PM,04/01/2023 03:18:20 PM,,24,,40
04/01/2023 05:18:40 PM,04/01/2023 03:18:40 PM,,24,,41
04/01/2023 05:19:00 PM,04/01/2023 03:19:00 PM,,24,,40
04/01/2023 05:19:20 PM,04/01/2023 03:19:20 PM,,24,,40
04/01/2023 05:19:40 PM,04/01/2023 03:19:40 PM,,24,,41
04/01/2023 05:20:00 PM,04/01/2023 03:20:00 PM,,24.1,,41
04/01/2023 05:20:20 PM,04/01/2023 03:20:20 PM,,24.200001,,41
04/01/2023 05:20:40 PM,04/01/2023 03:20:40 PM,,24.200001,,41
04/01/2023 05:21:00 PM,04/01/2023 03:21:00 PM,,24.200001,,40
04/01/2023 05:21:20 PM,04/01/2023 03:21:20 PM,,24.200001,,40
04/01/2023 05:21:40 PM,04/01/2023 03:21:40 PM,,24.200001,,40
04/01/2023 05:22:00 PM,04/01/2023 03:22:00 PM,,24.200001,,40
04/01/2023 05:22:20 PM,04/01/2023 03:22:20 PM,,24.200001,,41
04/01/2023 05:22:40 PM,04/01/2023 03:22:40 PM,,24.299999,,41
04/01/2023 05:23:00 PM,04/01/2023 03:23:00 PM,,24.299999,,41
04/01/2023 05:23:20 PM,04/01/2023 03:23:20 PM,,24.299999,,40
04/01/2023 05:23:40 PM,04/01/2023 03:23:40 PM,,24.299999,,41
04/01/2023 05:24:00 PM,04/01/2023 03:24:00 PM,,24.4,,40
04/01/2023 05:24:20 PM,04/01/2023 03:24:20 PM,,24.4,,40
04/01/2023 05:24:40 PM,04/01/2023 03:24:40 PM,,24.299999,,40
04/01/2023 05:25:00 PM,04/01/2023 03:25:00 PM,,24.299999,,40
04/01/2023 05:25:20 PM,04/01/2023 03:25:20 PM,,24.4,,40
04/01/2023 05:25:40 PM,04/01/2023 03:25:40 PM,,24.4,,40
04/01/2023 05:26:00 PM,04/01/2023 03:26:00 PM,,24.4,,40
04/01/2023 05:26:20 PM,04/01/2023 03:26:20 PM,,24.4,,41
04/01/2023 05:26:40 PM,04/01/2023 03:26:40 PM,,24.4,,40
04/01/2023 05:27:00 PM,04/01/2023 03:27:00 PM,,24.4,,39
04/01/2023 05:27:20 PM,04/01/2023 03:27:20 PM,,24.4,,40
04/01/2023 05:27:40 PM,04/01/2023 03:27:40 PM,,24.4,,40
04/01/2023 05:28:00 PM,04/01/2023 03:28:00 PM,,24.4,,40
04/01/2023 05:28:20 PM,04/01/2023 03:28:20 PM,,24.4,,40
04/01/2023 05:28:40 PM,04/01/2023 03:28:40 PM,,24.4,,40
04/01/2023 05:29:00 PM,04/01/2023 03:29:00 PM,,24.4,,39
04/01/2023 05:29:20 PM,04/01/2023 03:29:20 PM,,24.4,,39
04/01/2023 05:29:40 PM,04/01/2023 03:29:40 PM,,24.4,,40
04/01/2023 05:30:00 PM,04/01/2023 03:30:00 PM,,24.4,,40
04/01/2023 05:30:20 PM,04/01/2023 03:30:20 PM,,24.4,,40
04/01/2023 05:30:40 PM,04/01/2023 03:30:40 PM,,24.4,,39
04/01/2023 05:31:00 PM,04/01/2023 03:31:00 PM,,24.5,,40
04/01/2023 05:31:20 PM,04/01/2023 03:31:20 PM,,24.5,,40
04/01/2023 05:31:40 PM,04/01/2023 03:31:40 PM,,24.5,,40
04/01/2023 05:32:00 PM,04/01/2023 03:32:00 PM,,24.5,,40
04/01/2023 05:32:20 PM,04/01/2023 03:32:20 PM,,24.5,,40
04/01/2023 05:32:40 PM,04/01/2023 03:32:40 PM,,24.5,,39
04/01/2023 05:33:00 PM,04/01/2023 03:33:00 PM,,24.5,,40
04/01/2023 05:33:20 PM,04/01/2023 03:33:20 PM,,24.5,,40
04/01/2023 05:33:40 PM,04/01/2023 03:33:40 PM,,24.5,,40
04/01/2023 05:34:00 PM,04/01/2023 03:34:00 PM,,24.4,,39
04/01/2023 05:34:20 PM,04/01/2023 03:34:20 PM,,24.4,,40
04/01/2023 05:34:40 PM,04/01/2023 03:34:40 PM,,24.4,,39
04/01/2023 05:35:00 PM,04/01/2023 03:35:00 PM,,24.4,,39
04/01/2023 05:35:20 PM,04/01/2023 03:35:20 PM,,24.4,,39
04/01/2023 05:35:40 PM,04/01/2023 03:35:40 PM,,24.4,,39
04/01/2023 05:36:00 PM,04/01/2023 03:36:00 PM,,24.4,,39
04/01/2023 05:36:20 PM,04/01/2023 03:36:20 PM,,24.4,,39
04/01/2023 05:36:40 PM,04/01/2023 03:36:40 PM,,24.4,,39
04/01/2023 05:37:00 PM,04/01/2023 03:37:00 PM,,24.4,,40
04/01/2023 05:37:20 PM,04/01/2023 03:37:20 PM,,24.4,,39
04/01/2023 05:37:40 PM,04/01/2023 03:37:40 PM,,24.4,,39
04/01/2023 05:38:00 PM,04/01/2023 03:38:00 PM,,24.4,,39
04/01/2023 05:38:20 PM,04/01/2023 03:38:20 PM,,24.4,,40
04/01/2023 05:38:40 PM,04/01/2023 03:38:40 PM,,24.4,,40
04/01/2023 05:39:00 PM,04/01/2023 03:39:00 PM,,24.4,,41
04/01/2023 05:39:20 PM,04/01/2023 03:39:20 PM,,24.4,,40
04/01/2023 05:39:40 PM,04/01/2023 03:39:40 PM,,24.5,,39
04/01/2023 05:40:00 PM,04/01/2023 03:40:00 PM,,24.5,,40
04/01/2023 05:40:20 PM,04/01/2023 03:40:20 PM,,24.5,,40
04/01/2023 05:40:40 PM,04/01/2023 03:40:40 PM,,24.5,,39
04/01/2023 05:41:00 PM,04/01/2023 03:41:00 PM,,24.5,,39
04/01/2023 05:41:20 PM,04/01/2023 03:41:20 PM,,24.5,,39
04/01/2023 05:41:40 PM,04/01/2023 03:41:40 PM,,24.5,,40
04/01/2023 05:42:00 PM,04/01/2023 03:42:00 PM,,24.5,,39
04/01/2023 05:42:20 PM,04/01/2023 03:42:20 PM,,24.5,,39
04/01/2023 05:42:40 PM,04/01/2023 03:42:40 PM,,24.6,,39
04/01/2023 05:43:00 PM,04/01/2023 03:43:00 PM,,24.6,,39
04/01/2023 05:43:20 PM,04/01/2023 03:43:20 PM,,24.6,,39
04/01/2023 05:43:40 PM,04/01/2023 03:43:40 PM,,24.6,,39
04/01/2023 05:44:00 PM,04/01/2023 03:44:00 PM,,24.6,,39
04/01/2023 05:44:20 PM,04/01/2023 03:44:20 PM,,24.6,,39
04/01/2023 05:44:40 PM,04/01/2023 03:44:40 PM,,24.6,,39
04/01/2023 05:45:00 PM,04/01/2023 03:45:00 PM,,24.6,,39
04/01/2023 05:45:20 PM,04/01/2023 03:45:20 PM,,24.6,,39
04/01/2023 05:45:40 PM,04/01/2023 03:45:40 PM,,24.6,,39
04/01/2023 05:46:00 PM,04/01/2023 03:46:00 PM,,24.6,,39
04/01/2023 05:46:20 PM,04/01/2023 03:46:20 PM,,24.6,,39
04/01/2023 05:46:40 PM,04/01/2023 03:46:40 PM,,24.700001,,40
04/01/2023 05:47:00 PM,04/01/2023 03:47:00 PM,,24.700001,,39
04/01/2023 05:47:20 PM,04/01/2023 03:47:20 PM,,24.700001,,39
04/01/2023 05:47:40 PM,04/01/2023 03:47:40 PM,,24.700001,,39
04/01/2023 05:48:00 PM,04/01/2023 03:48:00 PM,,24.700001,,40
04/01/2023 05:48:20 PM,04/01/2023 03:48:20 PM,,24.799999,,39
04/01/2023 05:48:40 PM,04/01/2023 03:48:40 PM,,24.799999,,39
04/01/2023 05:49:00 PM,04/01/2023 03:49:00 PM,,24.799999,,39
04/01/2023 05:49:20 PM,04/01/2023 03:49:20 PM,,24.799999,,39
04/01/2023 05:49:40 PM,04/01/2023 03:49:40 PM,,24.799999,,39
04/01/2023 05:50:00 PM,04/01/2023 03:50:00 PM,,24.700001,,39
04/01/2023 05:50:20 PM,04/01/2023 03:50:20 PM,,24.700001,,39
04/01/2023 05:50:40 PM,04/01/2023 03:50:40 PM,,24.700001,,39
04/01/2023 05:51:00 PM,04/01/2023 03:51:00 PM,,24.700001,,39
04/01/2023 05:51:20 PM,04/01/2023 03:51:20 PM,,24.700001,,39
04/01/2023 05:51:40 PM,04/01/2023 03:51:40 PM,,24.700001,,39
04/01/2023 05:52:00 PM,04/01/2023 03:52:00 PM,,24.700001,,39
04/01/2023 05:52:20 PM,04/01/2023 03:52:20 PM,,24.700001,,40
04/01/2023 05:52:40 PM,04/01/2023 03:52:40 PM,,24.799999,,40
04/01/2023 05:53:00 PM,04/01/2023 03:53:00 PM,,24.799999,,39
04/01/2023 05:53:20 PM,04/01/2023 03:53:20 PM,,24.799999,,39
04/01/2023 05:53:40 PM,04/01/2023 03:53:40 PM,,24.799999,,39
04/01/2023 05:54:00 PM,04/01/2023 03:54:00 PM,,24.799999,,39
04/01/2023 05:54:20 PM,04/01/2023 03:54:20 PM,,24.799999,,39
04/01/2023 05:54:40 PM,04/01/2023 03:54:40 PM,,24.700001,,39
04/01/2023 05:55:00 PM,04/01/2023 03:55:00 PM,,24.700001,,39
04/01/2023 05:55:20 PM,04/01/2023 03:55:20 PM,,24.700001,,38
04/01/2023 05:55:40 PM,04/01/2023 03:55:40 PM,,24.700001,,39
04/01/2023 05:56:00 PM,04/01/2023 03:56:00 PM,,24.700001,,39
04/01/2023 05:56:20 PM,04/01/2023 03:56:20 PM,,24.700001,,39
04/01/2023 05:56:40 PM,04/01/2023 03:56:40 PM,,24.700001,,39
04/01/2023 05:57:00 PM,04/01/2023 03:57:00 PM,,24.700001,,39
04/01/2023 05:57:20 PM,04/01/2023 03:57:20 PM,,24.799999,,39
04/01/2023 05:57:40 PM,04/01/2023 03:57:40 PM,,24.799999,,39
04/01/2023 05:58:00 PM,04/01/2023 03:58:00 PM,,24.799999,,39
04/01/2023 05:58:20 PM,04/01/2023 03:58:20 PM,,24.799999,,39
04/01/2023 05:58:40 PM,04/01/2023 03:58:40 PM,,24.799999,,39
04/01/2023 05:59:00 PM,04/01/2023 03:59:00 PM,,24.799999,,38
04/01/2023 05:59:20 PM,04/01/2023 03:59:20 PM,,24.799999,,40
04/01/2023 05:59:40 PM,04/01/2023 03:59:40 PM,,24.9,,39
04/01/2023 06:00:00 PM,04/01/2023 04:00:00 PM,,24.9,,39
04/01/2023 06:00:20 PM,04/01/2023 04:00:20 PM,,24.9,,39
04/01/2023 06:00:40 PM,04/01/2023 04:00:40 PM,,24.799999,,38
04/01/2023 06:01:00 PM,04/01/2023 04:01:00 PM,,24.799999,,39
04/01/2023 06:01:20 PM,04/01/2023 04:01:20 PM,,24.799999,,39
04/01/2023 06:01:40 PM,04/01/2023 04:01:40 PM,,24.799999,,38
04/01/2023 06:02:00 PM,04/01/2023 04:02:00 PM,,24.799999,,39
04/01/2023 06:02:20 PM,04/01/2023 04:02:20 PM,,24.799999,,38
04/01/2023 06:02:40 PM,04/01/2023 04:02:40 PM,,24.799999,,38
04/01/2023 06:03:00 PM,04/01/2023 04:03:00 PM,,24.799999,,38
04/01/2023 06:55:20 PM,04/01/2023 04:55:20 PM,,,,
04/01/2023 06:56:40 PM,04/01/2023 04:56:40 PM,,,,
04/01/2023 06:58:00 PM,04/01/2023 04:58:00 PM,,,,
04/01/2023 06:59:20 PM,04/01/2023 04:59:20 PM,,,,
04/01/2023 07:00:20 PM,04/01/2023 05:00:20 PM,,,,
04/01/2023 07:01:40 PM,04/01/2023 05:01:40 PM,,,,
04/01/2023 07:03:00 PM,04/01/2023 05:03:00 PM,,,,
04/01/2023 07:04:20 PM,04/01/2023 05:04:20 PM,,,,
